config,seed,variant,accepted_count,jaccard_vs_full,mean_f1_vs_ground_truth,graph_identity_control,exclude_non_global_ips,reference_seed
graph_augmented,0,full,342,1.0,0.096863,False,True,False
graph_augmented,0,no_site,0,0.0,0.0,False,True,False
graph_augmented,0,no_temporal,59,0.172515,0.008403,False,True,False
graph_augmented,0,no_graph,80,0.233918,0.092637,False,True,False
graph_augmented,1,full,339,1.0,0.091575,False,True,False
graph_augmented,1,no_site,0,0.0,0.0,False,True,False
graph_augmented,1,no_temporal,68,0.20059,0.011983,False,True,False
graph_augmented,1,no_graph,80,0.235988,0.092637,False,True,False
graph_augmented,2,full,334,1.0,0.097056,False,True,False
graph_augmented,2,no_site,0,0.0,0.0,False,True,False
graph_augmented,2,no_temporal,59,0.176647,0.009524,False,True,False
graph_augmented,2,no_graph,80,0.239521,0.092637,False,True,False
graph_augmented,3,full,342,1.0,0.097333,False,True,False
graph_augmented,3,no_site,0,0.0,0.0,False,True,False
graph_augmented,3,no_temporal,60,0.175439,0.009524,False,True,False
graph_augmented,3,no_graph,80,0.233918,0.095484,False,True,False
graph_augmented,4,full,342,1.0,0.093504,False,True,False
graph_augmented,4,no_site,0,0.0,0.0,False,True,False
graph_augmented,4,no_temporal,58,0.169591,0.009524,False,True,False
graph_augmented,4,no_graph,80,0.233918,0.092637,False,True,False
graph_augmented,5,full,340,1.0,0.092479,False,True,False
graph_augmented,5,no_site,0,0.0,0.0,False,True,False
graph_augmented,5,no_temporal,55,0.161765,0.010989,False,True,False
graph_augmented,5,no_graph,81,0.238235,0.098986,False,True,False
graph_augmented,6,full,342,1.0,0.097106,False,True,False
graph_augmented,6,no_site,0,0.0,0.0,False,True,False
graph_augmented,6,no_temporal,68,0.19883,0.013988,False,True,False
graph_augmented,6,no_graph,80,0.233918,0.092637,False,True,False
graph_augmented,7,full,350,1.0,0.092351,False,True,False
graph_augmented,7,no_site,0,0.0,0.0,False,True,False
graph_augmented,7,no_temporal,58,0.165714,0.009524,False,True,False
graph_augmented,7,no_graph,80,0.228571,0.092637,False,True,False
graph_augmented,8,full,350,1.0,0.092356,False,True,False
graph_augmented,8,no_site,0,0.0,0.0,False,True,False
graph_augmented,8,no_temporal,57,0.162857,0.009524,False,True,False
graph_augmented,8,no_graph,80,0.228571,0.092637,False,True,False
graph_augmented,9,full,346,1.0,0.097467,False,True,False
graph_augmented,9,no_site,0,0.0,0.0,False,True,False
graph_augmented,9,no_temporal,61,0.176301,0.009524,False,True,False
graph_augmented,9,no_graph,80,0.231214,0.092637,False,True,False
graph_augmented,10,full,336,1.0,0.093553,False,True,False
graph_augmented,10,no_site,0,0.0,0.0,False,True,False
graph_augmented,10,no_temporal,58,0.172619,0.008403,False,True,False
graph_augmented,10,no_graph,81,0.241071,0.098986,False,True,False
graph_augmented,11,full,328,1.0,0.09299,False,True,False
graph_augmented,11,no_site,0,0.0,0.0,False,True,False
graph_augmented,11,no_temporal,57,0.17378,0.008403,False,True,False
graph_augmented,11,no_graph,80,0.243902,0.092637,False,True,False
graph_augmented,12,full,346,1.0,0.096958,False,True,False
graph_augmented,12,no_site,0,0.0,0.0,False,True,False
graph_augmented,12,no_temporal,56,0.16185,0.010989,False,True,False
graph_augmented,12,no_graph,80,0.231214,0.092637,False,True,False
graph_augmented,13,full,344,1.0,0.097585,False,True,False
graph_augmented,13,no_site,0,0.0,0.0,False,True,False
graph_augmented,13,no_temporal,59,0.171512,0.009524,False,True,False
graph_augmented,13,no_graph,80,0.232558,0.092637,False,True,False
graph_augmented,14,full,338,1.0,0.092743,False,True,False
graph_augmented,14,no_site,0,0.0,0.0,False,True,False
graph_augmented,14,no_temporal,62,0.183432,0.009524,False,True,False
graph_augmented,14,no_graph,79,0.233728,0.090988,False,True,False
graph_augmented,15,full,346,1.0,0.09242,False,True,False
graph_augmented,15,no_site,0,0.0,0.0,False,True,False
graph_augmented,15,no_temporal,62,0.179191,0.015597,False,True,False
graph_augmented,15,no_graph,81,0.234104,0.098986,False,True,False
graph_augmented,16,full,342,1.0,0.096719,False,True,False
graph_augmented,16,no_site,0,0.0,0.0,False,True,False
graph_augmented,16,no_temporal,56,0.163743,0.008403,False,True,False
graph_augmented,16,no_graph,80,0.233918,0.092637,False,True,False
graph_augmented,17,full,346,1.0,0.092175,False,True,False
graph_augmented,17,no_site,0,0.0,0.0,False,True,False
graph_augmented,17,no_temporal,64,0.184971,0.010989,False,True,False
graph_augmented,17,no_graph,80,0.231214,0.092637,False,True,False
graph_augmented,18,full,341,1.0,0.091058,False,True,False
graph_augmented,18,no_site,0,0.0,0.0,False,True,False
graph_augmented,18,no_temporal,61,0.178886,0.008403,False,True,False
graph_augmented,18,no_graph,81,0.237537,0.098986,False,True,False
graph_augmented,19,full,342,1.0,0.09808,False,True,False
graph_augmented,19,no_site,0,0.0,0.0,False,True,False
graph_augmented,19,no_temporal,61,0.178363,0.009524,False,True,False
graph_augmented,19,no_graph,80,0.233918,0.092637,False,True,False
graph_augmented,42,full,348,1.0,0.093098,False,True,True
graph_augmented,42,no_site,0,0.0,0.0,False,True,True
graph_augmented,42,no_temporal,67,0.192529,0.015318,False,True,True
graph_augmented,42,no_graph,80,0.229885,0.092637,False,True,True
graph_free,0,full,341,1.0,0.102859,False,True,False
graph_free,0,no_site,0,0.0,0.0,False,True,False
graph_free,0,no_temporal,0,0.0,0.0,False,True,False
graph_free,0,no_graph,341,1.0,0.102859,True,True,False
graph_free,1,full,346,1.0,0.104068,False,True,False
graph_free,1,no_site,0,0.0,0.0,False,True,False
graph_free,1,no_temporal,0,0.0,0.0,False,True,False
graph_free,1,no_graph,346,1.0,0.104068,True,True,False
graph_free,2,full,337,1.0,0.103356,False,True,False
graph_free,2,no_site,0,0.0,0.0,False,True,False
graph_free,2,no_temporal,0,0.0,0.0,False,True,False
graph_free,2,no_graph,337,1.0,0.103356,True,True,False
graph_free,3,full,341,1.0,0.104041,False,True,False
graph_free,3,no_site,0,0.0,0.0,False,True,False
graph_free,3,no_temporal,0,0.0,0.0,False,True,False
graph_free,3,no_graph,341,1.0,0.104041,True,True,False
graph_free,4,full,345,1.0,0.104395,False,True,False
graph_free,4,no_site,0,0.0,0.0,False,True,False
graph_free,4,no_temporal,0,0.0,0.0,False,True,False
graph_free,4,no_graph,345,1.0,0.104395,True,True,False
graph_free,5,full,341,1.0,0.10302,False,True,False
graph_free,5,no_site,0,0.0,0.0,False,True,False
graph_free,5,no_temporal,0,0.0,0.0,False,True,False
graph_free,5,no_graph,341,1.0,0.10302,True,True,False
graph_free,6,full,343,1.0,0.10335,False,True,False
graph_free,6,no_site,0,0.0,0.0,False,True,False
graph_free,6,no_temporal,0,0.0,0.0,False,True,False
graph_free,6,no_graph,343,1.0,0.10335,True,True,False
graph_free,7,full,357,1.0,0.10283,False,True,False
graph_free,7,no_site,0,0.0,0.0,False,True,False
graph_free,7,no_temporal,0,0.0,0.0,False,True,False
graph_free,7,no_graph,357,1.0,0.10283,True,True,False
graph_free,8,full,352,1.0,0.103544,False,True,False
graph_free,8,no_site,0,0.0,0.0,False,True,False
graph_free,8,no_temporal,0,0.0,0.0,False,True,False
graph_free,8,no_graph,352,1.0,0.103544,True,True,False
graph_free,9,full,349,1.0,0.102894,False,True,False
graph_free,9,no_site,0,0.0,0.0,False,True,False
graph_free,9,no_temporal,0,0.0,0.0,False,True,False
graph_free,9,no_graph,349,1.0,0.102894,True,True,False
graph_free,10,full,348,1.0,0.102587,False,True,False
graph_free,10,no_site,0,0.0,0.0,False,True,False
graph_free,10,no_temporal,0,0.0,0.0,False,True,False
graph_free,10,no_graph,348,1.0,0.102587,True,True,False
graph_free,11,full,338,1.0,0.104041,False,True,False
graph_free,11,no_site,0,0.0,0.0,False,True,False
graph_free,11,no_temporal,0,0.0,0.0,False,True,False
graph_free,11,no_graph,338,1.0,0.104041,True,True,False
graph_free,12,full,347,1.0,0.104882,False,True,False
graph_free,12,no_site,0,0.0,0.0,False,True,False
graph_free,12,no_temporal,0,0.0,0.0,False,True,False
graph_free,12,no_graph,347,1.0,0.104882,True,True,False
graph_free,13,full,344,1.0,0.103944,False,True,False
graph_free,13,no_site,0,0.0,0.0,False,True,False
graph_free,13,no_temporal,0,0.0,0.0,False,True,False
graph_free,13,no_graph,344,1.0,0.103944,True,True,False
graph_free,14,full,338,1.0,0.105666,False,True,False
graph_free,14,no_site,0,0.0,0.0,False,True,False
graph_free,14,no_temporal,0,0.0,0.0,False,True,False
graph_free,14,no_graph,338,1.0,0.105666,True,True,False
graph_free,15,full,349,1.0,0.102712,False,True,False
graph_free,15,no_site,0,0.0,0.0,False,True,False
graph_free,15,no_temporal,0,0.0,0.0,False,True,False
graph_free,15,no_graph,349,1.0,0.102712,True,True,False
graph_free,16,full,343,1.0,0.103546,False,True,False
graph_free,16,no_site,0,0.0,0.0,False,True,False
graph_free,16,no_temporal,0,0.0,0.0,False,True,False
graph_free,16,no_graph,343,1.0,0.103546,True,True,False
graph_free,17,full,342,1.0,0.10395,False,True,False
graph_free,17,no_site,0,0.0,0.0,False,True,False
graph_free,17,no_temporal,0,0.0,0.0,False,True,False
graph_free,17,no_graph,342,1.0,0.10395,True,True,False
graph_free,18,full,342,1.0,0.102372,False,True,False
graph_free,18,no_site,0,0.0,0.0,False,True,False
graph_free,18,no_temporal,0,0.0,0.0,False,True,False
graph_free,18,no_graph,342,1.0,0.102372,True,True,False
graph_free,19,full,348,1.0,0.103133,False,True,False
graph_free,19,no_site,0,0.0,0.0,False,True,False
graph_free,19,no_temporal,0,0.0,0.0,False,True,False
graph_free,19,no_graph,348,1.0,0.103133,True,True,False
graph_free,42,full,346,1.0,0.104293,False,True,True
graph_free,42,no_site,0,0.0,0.0,False,True,True
graph_free,42,no_temporal,0,0.0,0.0,False,True,True
graph_free,42,no_graph,346,1.0,0.104293,True,True,True
