sybil_site_count,spread_days,target_device_type,fake_score_vanilla,fake_accepted_vanilla,legit_accepted_vanilla,fake_score_trust,fake_accepted_trust,legit_accepted_trust,fake_score_independence,fake_accepted_independence,legit_accepted_independence,fake_score_rwv,fake_accepted_rwv,legit_accepted_rwv,rwv_frozen_only_score,rwv_probation_mass,rwv_probation_numerator
200,20,AugustDoorBell,0.621294,False,0,0.068398,False,11,0.10441,False,10,0.668282,True,0,0.0,0.668282,20.0
200,40,AugustDoorBell,0.671149,True,0,0.118254,False,11,0.154266,False,10,0.668282,True,0,0.0,0.668282,20.0
200,80,AugustDoorBell,0.762579,True,0,0.209683,False,11,0.245695,False,10,0.668282,True,0,0.0,0.668282,20.0
200,120,AugustDoorBell,0.787069,True,0,0.234173,False,11,0.270186,False,7,0.668282,True,0,0.0,0.668282,20.0
200,140,AugustDoorBell,0.795432,True,0,0.242537,False,10,0.278549,False,7,0.668282,True,0,0.0,0.668282,20.0
200,180,AugustDoorBell,0.80793,True,0,0.255035,False,8,0.291047,False,7,0.668282,True,0,0.0,0.668282,20.0
200,250,AugustDoorBell,0.822304,True,0,0.269409,False,7,0.305421,False,3,0.668282,True,0,0.0,0.668282,20.0
200,400,AugustDoorBell,0.839837,True,0,0.286941,False,3,0.322954,False,0,0.668282,True,0,0.0,0.668282,20.0
400,20,AugustDoorBell,0.635964,False,0,0.086553,False,11,0.105144,False,10,0.801162,True,0,0.0,0.801162,40.0
400,40,AugustDoorBell,0.686526,True,0,0.137115,False,11,0.155706,False,10,0.801162,True,0,0.0,0.801162,40.0
400,80,AugustDoorBell,0.779292,True,0,0.229881,False,11,0.248472,False,10,0.801162,True,0,0.0,0.801162,40.0
400,120,AugustDoorBell,0.805026,True,0,0.255615,False,9,0.274205,False,7,0.801162,True,0,0.0,0.801162,40.0
400,140,AugustDoorBell,0.813978,True,0,0.264567,False,7,0.283157,False,7,0.801162,True,0,0.0,0.801162,40.0
400,180,AugustDoorBell,0.827591,True,0,0.27818,False,7,0.296771,False,7,0.801162,True,0,0.0,0.801162,40.0
400,250,AugustDoorBell,0.843737,True,0,0.294326,False,7,0.312917,False,3,0.801162,True,0,0.0,0.801162,40.0
400,400,AugustDoorBell,0.864409,True,0,0.314999,False,0,0.333589,False,0,0.801162,True,0,0.0,0.801162,40.0
800,20,AugustDoorBell,0.64463,False,0,0.119882,False,10,0.106583,False,10,0.889606,True,0,0.0,0.889606,80.0
800,40,AugustDoorBell,0.696529,True,0,0.171781,False,10,0.158482,False,10,0.889606,True,0,0.0,0.889606,80.0
800,80,AugustDoorBell,0.791695,True,0,0.266947,False,8,0.253648,False,10,0.889606,True,0,0.0,0.889606,80.0
800,120,AugustDoorBell,0.819508,True,0,0.29476,False,7,0.28146,False,7,0.889606,True,0,0.0,0.889606,80.0
800,140,AugustDoorBell,0.829395,True,0,0.304647,False,7,0.291347,False,7,0.889606,True,0,0.0,0.889606,80.0
800,180,AugustDoorBell,0.844694,True,0,0.319946,False,7,0.306647,False,7,0.889606,True,0,0.0,0.889606,80.0
800,250,AugustDoorBell,0.863286,True,0,0.338538,False,1,0.325239,False,3,0.889606,True,0,0.0,0.889606,80.0
800,400,AugustDoorBell,0.887604,True,0,0.362856,False,0,0.349557,False,0,0.889606,True,0,0.0,0.889606,80.0
1600,20,AugustDoorBell,0.651087,True,0,0.176719,False,7,0.109359,False,10,0.941578,True,0,0.0,0.941578,160.0
1600,40,AugustDoorBell,0.705386,True,0,0.231017,False,7,0.163658,False,10,0.941578,True,0,0.0,0.941578,160.0
1600,80,AugustDoorBell,0.804438,True,0,0.330069,False,7,0.26271,False,10,0.941578,True,0,0.0,0.941578,160.0
1600,120,AugustDoorBell,0.835196,True,0,0.360827,False,7,0.293468,False,7,0.941578,True,0,0.0,0.941578,160.0
1600,140,AugustDoorBell,0.846281,True,0,0.371912,False,2,0.304553,False,7,0.941578,True,0,0.0,0.941578,160.0
1600,180,AugustDoorBell,0.863542,True,0,0.389174,False,0,0.321814,False,7,0.941578,True,0,0.0,0.941578,160.0
1600,250,AugustDoorBell,0.884521,True,0,0.410152,False,0,0.342793,False,3,0.941578,True,0,0.0,0.941578,160.0
1600,400,AugustDoorBell,0.911271,True,0,0.436902,False,0,0.369543,False,0,0.941578,True,0,0.0,0.941578,160.0
2400,20,AugustDoorBell,0.654972,True,0,0.223456,False,7,0.112007,False,10,0.960279,True,0,0.0,0.960279,240.0
2400,40,AugustDoorBell,0.71135,True,0,0.279834,False,7,0.168385,False,10,0.960279,True,0,0.0,0.960279,240.0
2400,80,AugustDoorBell,0.813347,True,0,0.381831,False,7,0.270382,False,10,0.960279,True,0,0.0,0.960279,240.0
2400,120,AugustDoorBell,0.845963,True,0,0.414447,False,0,0.302998,False,7,0.960279,True,0,0.0,0.960279,240.0
2400,140,AugustDoorBell,0.857701,True,0,0.426185,False,0,0.314736,False,7,0.960279,True,0,0.0,0.960279,240.0
2400,180,AugustDoorBell,0.875883,True,0,0.444366,False,0,0.332918,False,7,0.960279,True,0,0.0,0.960279,240.0
2400,250,AugustDoorBell,0.897662,True,0,0.466146,False,0,0.354697,False,3,0.960279,True,0,0.0,0.960279,240.0
2400,400,AugustDoorBell,0.924513,True,0,0.492997,False,0,0.381548,False,0,0.960279,True,0,0.0,0.960279,240.0
3200,20,AugustDoorBell,0.658121,True,0,0.262628,False,7,0.114535,False,10,0.96991,True,0,0.0,0.96991,320.0
3200,40,AugustDoorBell,0.716306,True,0,0.320813,False,7,0.17272,False,10,0.96991,True,0,0.0,0.96991,320.0
3200,80,AugustDoorBell,0.820548,True,0,0.425055,False,3,0.276962,False,10,0.96991,True,0,0.0,0.96991,320.0
3200,120,AugustDoorBell,0.854332,True,0,0.458839,False,0,0.310746,False,7,0.96991,True,0,0.0,0.96991,320.0
3200,140,AugustDoorBell,0.866413,True,0,0.470921,False,0,0.322828,False,7,0.96991,True,0,0.0,0.96991,320.0
3200,180,AugustDoorBell,0.884982,True,0,0.48949,False,0,0.341397,False,7,0.96991,True,0,0.0,0.96991,320.0
3200,250,AugustDoorBell,0.906886,True,0,0.511393,False,0,0.3633,False,3,0.96991,True,0,0.0,0.96991,320.0
3200,400,AugustDoorBell,0.933142,True,0,0.53765,False,0,0.389557,False,0,0.96991,True,0,0.0,0.96991,320.0
