scenario,trial,health_check_after_restart_s,reconcile_call_s,total_convergence_s,events_reconciled,final_state,expected_state,consistent
dispute_open,0,0.4111,0.0754,0.4865,1,disputed,disputed,True
dispute_open,1,0.4693,0.0649,0.5343,1,disputed,disputed,True
dispute_open,2,0.4815,0.0618,0.5433,1,disputed,disputed,True
dispute_open,3,0.4593,0.0625,0.5218,1,disputed,disputed,True
dispute_open,4,0.4092,0.0608,0.47,1,disputed,disputed,True
dispute_open,5,0.4254,0.0672,0.4926,1,disputed,disputed,True
dispute_open,6,0.4717,0.0592,0.5309,1,disputed,disputed,True
dispute_open,7,0.4738,0.0597,0.5334,1,disputed,disputed,True
dispute_open,8,0.4607,0.0711,0.5317,1,disputed,disputed,True
dispute_open,9,0.4254,0.0579,0.4833,1,disputed,disputed,True
dispute_confirm,0,0.4634,0.0626,0.526,1,revoked,revoked,True
dispute_confirm,1,0.4615,0.0546,0.516,1,revoked,revoked,True
dispute_confirm,2,0.4647,0.0677,0.5324,1,revoked,revoked,True
dispute_confirm,3,0.4557,0.0606,0.5163,1,revoked,revoked,True
dispute_confirm,4,0.4663,0.0601,0.5265,1,revoked,revoked,True
dispute_confirm,5,0.4084,0.0599,0.4683,1,revoked,revoked,True
dispute_confirm,6,0.4722,0.0648,0.537,1,revoked,revoked,True
dispute_confirm,7,0.4709,0.0627,0.5336,1,revoked,revoked,True
dispute_confirm,8,0.4762,0.0579,0.5341,1,revoked,revoked,True
dispute_confirm,9,0.4007,0.0595,0.4603,1,revoked,revoked,True
restore,0,0.4621,0.0688,0.531,1,monitor-only,monitor-only,True
restore,1,0.4041,0.0562,0.4603,1,monitor-only,monitor-only,True
restore,2,0.481,0.0586,0.5396,1,monitor-only,monitor-only,True
restore,3,0.4563,0.0662,0.5224,1,monitor-only,monitor-only,True
restore,4,0.491,0.0597,0.5507,1,monitor-only,monitor-only,True
restore,5,0.4554,0.0603,0.5157,1,monitor-only,monitor-only,True
restore,6,0.4007,0.0615,0.4621,1,monitor-only,monitor-only,True
restore,7,0.3983,0.0562,0.4546,1,monitor-only,monitor-only,True
restore,8,0.4682,0.059,0.5272,1,monitor-only,monitor-only,True
restore,9,0.4576,0.057,0.5146,1,monitor-only,monitor-only,True
dispute_and_restore,0,0.4272,0.065,0.4922,1,monitor-only,monitor-only,True
dispute_and_restore,1,0.408,0.0593,0.4673,1,monitor-only,monitor-only,True
dispute_and_restore,2,0.4323,0.0613,0.4936,1,monitor-only,monitor-only,True
dispute_and_restore,3,0.3989,0.0677,0.4665,1,monitor-only,monitor-only,True
dispute_and_restore,4,0.4838,0.061,0.5448,1,monitor-only,monitor-only,True
dispute_and_restore,5,0.3935,0.0755,0.4691,1,monitor-only,monitor-only,True
dispute_and_restore,6,0.4892,0.0676,0.5568,1,monitor-only,monitor-only,True
dispute_and_restore,7,0.4906,0.0583,0.5489,1,monitor-only,monitor-only,True
dispute_and_restore,8,0.3946,0.0637,0.4583,1,monitor-only,monitor-only,True
dispute_and_restore,9,0.4048,0.0601,0.4649,1,monitor-only,monitor-only,True
