receiver,series,queue_size,recall,precision,f1
US,union,1005,0.35832717023618005,0.32227038485611,0.3271445279588602
US,quorum,42,0.07932319027323488,0.75,0.13949623363839073
US,quorum_score,40,0.07649833151617273,0.75,0.13511490995882144
US,DIB,36,0.06499818283939605,0.75,0.1158520571311269
UK,union,767,0.4486850356592534,0.2792458738579428,0.32008600638441376
UK,quorum,48,0.0784423263188941,0.7445286195286195,0.13788285243145856
UK,quorum_score,48,0.0784423263188941,0.7445286195286195,0.13788285243145856
UK,DIB,43,0.06435819093866967,0.7838468720821662,0.11512393907676265
YT,union,1387,0.33413353548966757,0.05933097090240571,0.09462871150845459
YT,quorum,177,0.2822537623539982,0.17348484848484846,0.2075009235082114
YT,quorum_score,146,0.2822537623539982,0.2567155067155067,0.26780408931422345
YT,DIB,107,0.22293351302785266,0.285672514619883,0.24722305198756458
US,union_ranked,9,,,
US,union_ranked,18,,,
US,union_ranked,27,,,
US,union_ranked,36,,,
US,union_ranked,54,,,
US,union_ranked,72,,,
US,union_ranked,108,,,
US,union_ranked,180,,,
US,union_ranked,288,,,
US,union_ranked,432,,,
US,union_ranked,1005,,,
UK,union_ranked,11,,,
UK,union_ranked,22,,,
UK,union_ranked,32,,,
UK,union_ranked,43,,,
UK,union_ranked,64,,,
UK,union_ranked,86,,,
UK,union_ranked,129,,,
UK,union_ranked,215,,,
UK,union_ranked,344,,,
UK,union_ranked,516,,,
UK,union_ranked,767,,,
YT,union_ranked,27,,,
YT,union_ranked,54,,,
YT,union_ranked,80,,,
YT,union_ranked,107,,,
YT,union_ranked,160,,,
YT,union_ranked,214,,,
YT,union_ranked,321,,,
YT,union_ranked,535,,,
YT,union_ranked,856,,,
YT,union_ranked,1284,,,
YT,union_ranked,1387,,,
