receiver,theta,m,queue_size,precision,recall,f1,is_operating_point
US,0.5,2,38,0.75,0.067823,0.1203,False
US,0.525,2,38,0.75,0.067823,0.1203,False
US,0.55,2,38,0.75,0.067823,0.1203,False
US,0.575,2,38,0.75,0.067823,0.1203,False
US,0.6,2,38,0.75,0.067823,0.1203,False
US,0.625,2,38,0.75,0.067823,0.1203,False
US,0.65,2,36,0.75,0.064998,0.115852,True
US,0.675,2,35,0.75,0.063586,0.113577,False
US,0.7,2,34,0.75,0.061831,0.110984,False
US,0.725,2,28,0.583333,0.05142,0.092268,False
US,0.75,2,27,0.583333,0.050007,0.08981,False
US,0.775,2,24,0.5,0.048108,0.086343,False
US,0.8,2,18,0.5,0.037923,0.070097,False
US,0.5,3,0,0.0,0.0,0.0,False
US,0.525,3,0,0.0,0.0,0.0,False
US,0.55,3,0,0.0,0.0,0.0,False
US,0.575,3,0,0.0,0.0,0.0,False
US,0.6,3,0,0.0,0.0,0.0,False
US,0.625,3,0,0.0,0.0,0.0,False
US,0.65,3,0,0.0,0.0,0.0,False
US,0.675,3,0,0.0,0.0,0.0,False
US,0.7,3,0,0.0,0.0,0.0,False
US,0.725,3,0,0.0,0.0,0.0,False
US,0.75,3,0,0.0,0.0,0.0,False
US,0.775,3,0,0.0,0.0,0.0,False
US,0.8,3,0,0.0,0.0,0.0,False
UK,0.5,2,43,0.783847,0.064358,0.115124,False
UK,0.525,2,43,0.783847,0.064358,0.115124,False
UK,0.55,2,43,0.783847,0.064358,0.115124,False
UK,0.575,2,43,0.783847,0.064358,0.115124,False
UK,0.6,2,43,0.783847,0.064358,0.115124,False
UK,0.625,2,43,0.783847,0.064358,0.115124,False
UK,0.65,2,43,0.783847,0.064358,0.115124,True
UK,0.675,2,41,0.789583,0.063066,0.113309,False
UK,0.7,2,40,0.8,0.063066,0.113549,False
UK,0.725,2,39,0.798246,0.061794,0.111562,False
UK,0.75,2,38,0.796296,0.060522,0.109549,False
UK,0.775,2,27,0.454545,0.042759,0.07808,False
UK,0.8,2,27,0.454545,0.042759,0.07808,False
UK,0.5,3,0,0.0,0.0,0.0,False
UK,0.525,3,0,0.0,0.0,0.0,False
UK,0.55,3,0,0.0,0.0,0.0,False
UK,0.575,3,0,0.0,0.0,0.0,False
UK,0.6,3,0,0.0,0.0,0.0,False
UK,0.625,3,0,0.0,0.0,0.0,False
UK,0.65,3,0,0.0,0.0,0.0,False
UK,0.675,3,0,0.0,0.0,0.0,False
UK,0.7,3,0,0.0,0.0,0.0,False
UK,0.725,3,0,0.0,0.0,0.0,False
UK,0.75,3,0,0.0,0.0,0.0,False
UK,0.775,3,0,0.0,0.0,0.0,False
UK,0.8,3,0,0.0,0.0,0.0,False
YT,0.5,2,129,0.227385,0.222934,0.212261,False
YT,0.525,2,129,0.227385,0.222934,0.212261,False
YT,0.55,2,129,0.227385,0.222934,0.212261,False
YT,0.575,2,129,0.227385,0.222934,0.212261,False
YT,0.6,2,129,0.227385,0.222934,0.212261,False
YT,0.625,2,122,0.249238,0.222934,0.227988,False
YT,0.65,2,107,0.285673,0.222934,0.247223,True
YT,0.675,2,97,0.295626,0.222934,0.251194,False
YT,0.7,2,86,0.311398,0.214581,0.24915,False
YT,0.725,2,73,0.333333,0.209372,0.250541,False
YT,0.75,2,58,0.305124,0.17775,0.21472,False
YT,0.775,2,48,0.272556,0.151336,0.183029,False
YT,0.8,2,34,0.312963,0.142983,0.176088,False
YT,0.5,3,0,0.0,0.0,0.0,False
YT,0.525,3,0,0.0,0.0,0.0,False
YT,0.55,3,0,0.0,0.0,0.0,False
YT,0.575,3,0,0.0,0.0,0.0,False
YT,0.6,3,0,0.0,0.0,0.0,False
YT,0.625,3,0,0.0,0.0,0.0,False
YT,0.65,3,0,0.0,0.0,0.0,False
YT,0.675,3,0,0.0,0.0,0.0,False
YT,0.7,3,0,0.0,0.0,0.0,False
YT,0.725,3,0,0.0,0.0,0.0,False
YT,0.75,3,0,0.0,0.0,0.0,False
YT,0.775,3,0,0.0,0.0,0.0,False
YT,0.8,3,0,0.0,0.0,0.0,False
