device_type,reference_aces,from_device_aces,class_eligible_aces,staged_matched_aces
amazon-echo,32,29,32,6
august-doorbell,35,33,32,8
awair-air-quality,9,7,9,2
belkin-camera,19,16,19,3
blipcare-bp-meter,6,4,6,0
canary-camera,15,13,15,3
chromecast-ultra,105,102,105,0
dropcam,11,9,11,0
hello-barbie,8,6,8,2
hp-printer,25,23,23,0
ihome-plug,13,11,13,0
lifx-bulb,10,8,10,2
nest-smoke-sensor,54,52,54,0
netatmo-camera,26,24,26,1
netatmo-weather,6,4,6,0
philips-hue,24,22,24,0
pixstar-photo,11,9,11,2
ring-doorbell,10,8,10,0
samsung-smartcam,20,18,20,0
smartthings,8,6,8,0
tp-link-camera,16,14,16,1
tp-link-plug,16,14,16,0
triby-speaker,26,24,26,2
wemo-motion,18,15,18,0
wemo-switch,16,13,16,1
withings-baby,12,10,12,1
withings-cardio,5,3,5,0
withings-sleep,8,6,8,2
