receiver,removed_device_type,f1_macro_without_device,delta_from_full_f1
US,google-home-mini,0.08136481089969463,-0.03448724623143226
US,insteon-hub,0.13902246855735229,0.02317041142622539
US,philips-hue,0.12791135744624116,0.012059300315114263
US,ring-doorbell,0.13785967785967784,0.022007620728550947
US,roku-tv,0.09659822613310987,-0.01925383099801703
US,smartthings,0.11235580189068561,-0.0034962552404412817
UK,google-home-mini,0.09431311045375901,-0.020810828623003638
UK,insteon-hub,0.13814872689211516,0.023024787815352513
UK,philips-hue,0.11863653177016395,0.0035125926934013035
UK,ring-doorbell,0.13745307471820212,0.02232913564143947
UK,roku-tv,0.09604346373422042,-0.01908047534254223
UK,smartthings,0.10614872689211516,-0.008975212184647488
YT,google-home-mini,0.21955922865013772,-0.02766382333742687
YT,insteon-hub,0.2966676623850775,0.04944461039751294
YT,philips-hue,0.26333432905174414,0.016111277064179558
YT,ring-doorbell,0.26333432905174414,0.016111277064179558
YT,roku-tv,0.24377510040160644,-0.0034479515859581478
YT,smartthings,0.1966676623850775,-0.050555389602487094
