receiver,device_type,reference_endpoint_count,observation_row_count
US,google-home-mini,95,47724
US,insteon-hub,13,61123
US,philips-hue,70,41228
US,ring-doorbell,342,24786
US,roku-tv,118,10002
US,smartthings,28,77250
UK,google-home-mini,129,31954
UK,insteon-hub,2,16
UK,philips-hue,39,10268
UK,ring-doorbell,574,35634
UK,roku-tv,131,9991
UK,smartthings,23,25653
YT,google-home-mini,53,4276
YT,insteon-hub,7,155
YT,philips-hue,14,1223
YT,ring-doorbell,7,2085
YT,roku-tv,64,345
YT,smartthings,4,3389
