receiver,reviewed,ranked_expected,ranked_best,ranked_worst,arbitrary_expected
US,9,9.0,9,9,1.648
US,18,18.0,18,18,3.296
US,27,27.0,27,27,4.943
US,36,35.0,35,35,6.591
US,54,52.0,52,52,9.887
US,72,60.0,60,60,13.182
US,108,84.0,84,84,19.773
US,180,114.0,114,114,32.955
US,288,135.0,135,135,52.728
US,432,157.756,159,155,79.093
US,1005,184.0,184,184,184.0
UK,11,11.0,11,11,2.553
UK,22,21.0,21,21,5.106
UK,32,29.0,29,29,7.426
UK,43,39.0,39,39,9.979
UK,64,52.0,52,52,14.853
UK,86,67.0,67,67,19.958
UK,129,97.5,98,97,29.937
UK,215,124.0,124,124,49.896
UK,344,130.0,130,130,79.833
UK,516,137.0,137,137,119.75
UK,767,178.0,178,178,178.0
YT,27,15.0,15,15,0.954
YT,54,29.0,29,29,1.908
YT,80,36.0,36,36,2.826
YT,107,40.0,40,40,3.78
YT,160,41.0,41,41,5.652
YT,214,46.0,46,46,7.56
YT,321,47.0,47,47,11.34
YT,535,49.0,49,49,18.901
YT,856,49.0,49,49,30.241
YT,1284,49.0,49,49,45.361
YT,1387,49.0,49,49,49.0
