device_type,p_star_at_120d,never_admits_within_tested_range
AmazonEcho,0.8,False
AugustDoorBell,0.8,False
AwairAirQuality,0.6,False
BelkinCamera,0.6,False
BelkinWemoMotionSensor,0.8,False
BelkinWemoSwitch,0.8,False
BlipCareBPMeter,0.5,False
CanaryCamera,0.6,False
HPPrinter,0.5,False
HelloBarbie,0.5,False
LiFXBulb,0.8,False
NestDropCam,0.6,False
NestProtect,0.6,False
NetatmoWeatherStation,0.8,False
NetatmoWelcome,0.8,False
PhilipsHue,0.8,False
PixStarPhotoFrame,0.6,False
RingDoorBell,0.5,False
SamsungCamera,0.8,False
SamsungSmartThings,0.8,False
TPLinkCamera,0.8,False
TPLinkSmartPlug,0.8,False
TribySpeaker,0.8,False
WithingsBabyMonitor,0.8,False
WithingsSleepSensor,0.8,False
WithingsSmartScale,0.6,False
iHome,0.8,False
