device_type,n_eligible_sites,adoption_fraction,rollout_days,adopting_sites,accepted,score,site_confidence,temporal_confidence,status
AmazonEcho,10,0.2,1,2,False,0.132007,0.200564,0.029172,ok
AmazonEcho,10,0.2,7,2,False,0.202021,0.200564,0.204207,ok
AmazonEcho,10,0.2,30,2,False,0.361977,0.200564,0.604096,ok
AmazonEcho,10,0.2,120,2,False,0.392501,0.200564,0.680408,ok
AmazonEcho,10,0.4,1,4,False,0.264208,0.40145,0.058345,ok
AmazonEcho,10,0.4,7,4,False,0.375069,0.40145,0.335498,ok
AmazonEcho,10,0.4,30,4,False,0.487577,0.40145,0.616767,ok
AmazonEcho,10,0.4,120,4,False,0.512336,0.40145,0.678665,ok
AmazonEcho,10,0.5,1,5,False,0.329111,0.499897,0.072931,ok
AmazonEcho,10,0.5,7,5,False,0.45847,0.499897,0.396328,ok
AmazonEcho,10,0.5,30,5,False,0.550639,0.499897,0.626752,ok
AmazonEcho,10,0.5,120,5,False,0.572045,0.499897,0.680266,ok
AmazonEcho,10,0.6,1,6,False,0.389131,0.59993,0.072934,ok
AmazonEcho,10,0.6,7,6,False,0.492082,0.59993,0.330311,ok
AmazonEcho,10,0.6,30,6,False,0.614378,0.59993,0.63605,ok
AmazonEcho,10,0.6,120,6,False,0.63392,0.59993,0.684905,ok
AmazonEcho,10,0.8,1,8,False,0.520293,0.799084,0.102107,ok
AmazonEcho,10,0.8,7,8,True,0.669704,0.799084,0.475635,ok
AmazonEcho,10,0.8,30,8,True,0.73394,0.799084,0.636224,ok
AmazonEcho,10,0.8,120,8,True,0.753688,0.799084,0.685593,ok
AmazonEcho,10,1.0,1,10,True,0.652512,1.0,0.131279,ok
AmazonEcho,10,1.0,7,10,True,0.806119,1.0,0.515298,ok
AmazonEcho,10,1.0,30,10,True,0.854559,1.0,0.636398,ok
AmazonEcho,10,1.0,120,10,True,0.874511,1.0,0.686278,ok
AugustDoorBell,10,0.2,1,2,False,0.125429,0.200564,0.012728,ok
AugustDoorBell,10,0.2,7,2,False,0.155341,0.200564,0.087507,ok
AugustDoorBell,10,0.2,30,2,False,0.211227,0.200564,0.227221,ok
AugustDoorBell,10,0.2,120,2,False,0.342633,0.200564,0.555737,ok
AugustDoorBell,10,0.4,1,4,False,0.251053,0.40145,0.025456,ok
AugustDoorBell,10,0.4,7,4,False,0.287542,0.40145,0.11668,ok
AugustDoorBell,10,0.4,30,4,False,0.353875,0.40145,0.282512,ok
AugustDoorBell,10,0.4,120,4,False,0.467626,0.40145,0.566891,ok
AugustDoorBell,10,0.5,1,5,False,0.312667,0.499897,0.031821,ok
AugustDoorBell,10,0.5,7,5,False,0.346612,0.499897,0.116683,ok
AugustDoorBell,10,0.5,30,5,False,0.412949,0.499897,0.282526,ok
AugustDoorBell,10,0.5,120,5,False,0.526717,0.499897,0.566946,ok
AugustDoorBell,10,0.6,1,6,False,0.372686,0.59993,0.031821,ok
AugustDoorBell,10,0.6,7,6,False,0.411545,0.59993,0.128967,ok
AugustDoorBell,10,0.6,30,6,False,0.470518,0.59993,0.2764,ok
AugustDoorBell,10,0.6,120,6,False,0.585092,0.59993,0.562836,ok
AugustDoorBell,10,0.8,1,8,False,0.494725,0.799084,0.038186,ok
AugustDoorBell,10,0.8,7,8,False,0.533496,0.799084,0.135114,ok
AugustDoorBell,10,0.8,30,8,False,0.592478,0.799084,0.282568,ok
AugustDoorBell,10,0.8,120,8,True,0.706296,0.799084,0.567114,ok
AugustDoorBell,10,1.0,1,10,False,0.61782,1.0,0.04455,ok
AugustDoorBell,10,1.0,7,10,True,0.65896,1.0,0.147401,ok
AugustDoorBell,10,1.0,30,10,True,0.717951,1.0,0.294877,ok
AugustDoorBell,10,1.0,120,10,True,0.830224,1.0,0.575559,ok
AwairAirQuality,10,0.2,1,2,False,0.140422,0.200564,0.05021,ok
AwairAirQuality,10,0.2,7,2,False,0.260924,0.200564,0.351464,ok
AwairAirQuality,10,0.2,30,2,False,0.349191,0.200564,0.572132,ok
AwairAirQuality,10,0.2,120,2,False,0.397106,0.200564,0.69192,ok
AwairAirQuality,10,0.4,1,4,False,0.281038,0.40145,0.10042,ok
AwairAirQuality,10,0.4,7,4,False,0.445672,0.40145,0.512005,ok
AwairAirQuality,10,0.4,30,4,False,0.48071,0.40145,0.599601,ok
AwairAirQuality,10,0.4,120,4,False,0.526393,0.40145,0.713808,ok
AwairAirQuality,10,0.5,1,5,False,0.350148,0.499897,0.125524,ok
AwairAirQuality,10,0.5,7,5,False,0.505028,0.499897,0.512724,ok
AwairAirQuality,10,0.5,30,5,False,0.540928,0.499897,0.602475,ok
AwairAirQuality,10,0.5,120,5,False,0.589029,0.499897,0.722728,ok
AwairAirQuality,10,0.6,1,6,False,0.41814,0.59993,0.145457,ok
AwairAirQuality,10,0.6,7,6,False,0.561697,0.59993,0.504349,ok
AwairAirQuality,10,0.6,30,6,False,0.603626,0.59993,0.609172,ok
AwairAirQuality,10,0.6,120,6,True,0.652539,0.59993,0.731454,ok
AwairAirQuality,10,0.8,1,8,False,0.557027,0.799084,0.193942,ok
AwairAirQuality,10,0.8,7,8,True,0.689759,0.799084,0.525771,ok
AwairAirQuality,10,0.8,30,8,True,0.725308,0.799084,0.614643,ok
AwairAirQuality,10,0.8,120,8,True,0.778061,0.799084,0.746526,ok
AwairAirQuality,10,1.0,1,10,True,0.687315,1.0,0.218288,ok
AwairAirQuality,10,1.0,7,10,True,0.810872,1.0,0.527179,ok
AwairAirQuality,10,1.0,30,10,True,0.847962,1.0,0.619905,ok
AwairAirQuality,10,1.0,120,10,True,0.903926,1.0,0.759814,ok
BelkinCamera,10,0.2,1,2,False,0.155397,0.200564,0.087647,ok
BelkinCamera,10,0.2,7,2,False,0.284082,0.200564,0.40936,ok
BelkinCamera,10,0.2,30,2,False,0.372292,0.200564,0.629885,ok
BelkinCamera,10,0.2,120,2,False,0.396794,0.200564,0.691139,ok
BelkinCamera,10,0.4,1,4,False,0.293488,0.40145,0.131544,ok
BelkinCamera,10,0.4,7,4,False,0.440022,0.40145,0.497881,ok
BelkinCamera,10,0.4,30,4,False,0.494515,0.40145,0.634114,ok
BelkinCamera,10,0.4,120,4,False,0.523296,0.40145,0.706066,ok
BelkinCamera,10,0.5,1,5,False,0.370085,0.499897,0.175368,ok
BelkinCamera,10,0.5,7,5,False,0.51096,0.499897,0.527555,ok
BelkinCamera,10,0.5,30,5,False,0.560369,0.499897,0.651076,ok
BelkinCamera,10,0.5,120,5,False,0.587164,0.499897,0.718065,ok
BelkinCamera,10,0.6,1,6,False,0.458958,0.59993,0.2475,ok
BelkinCamera,10,0.6,7,6,False,0.605053,0.59993,0.612738,ok
BelkinCamera,10,0.6,30,6,False,0.634664,0.59993,0.686765,ok
BelkinCamera,10,0.6,120,6,True,0.654088,0.59993,0.735325,ok
BelkinCamera,10,0.8,1,8,False,0.562039,0.799084,0.20647,ok
BelkinCamera,10,0.8,7,8,True,0.715916,0.799084,0.591164,ok
BelkinCamera,10,0.8,30,8,True,0.755755,0.799084,0.69076,ok
BelkinCamera,10,0.8,120,8,True,0.778441,0.799084,0.747477,ok
BelkinCamera,10,1.0,1,10,True,0.709183,1.0,0.272957,ok
BelkinCamera,10,1.0,7,10,True,0.845898,1.0,0.614744,ok
BelkinCamera,10,1.0,30,10,True,0.877858,1.0,0.694646,ok
BelkinCamera,10,1.0,120,10,True,0.90341,1.0,0.758524,ok
BelkinWemoMotionSensor,10,0.2,1,2,False,0.12762,0.200564,0.018205,ok
BelkinWemoMotionSensor,10,0.2,7,2,False,0.168207,0.200564,0.119672,ok
BelkinWemoMotionSensor,10,0.2,30,2,False,0.26798,0.200564,0.369105,ok
BelkinWemoMotionSensor,10,0.2,120,2,False,0.358714,0.200564,0.595939,ok
BelkinWemoMotionSensor,10,0.4,1,4,False,0.255247,0.40145,0.035943,ok
BelkinWemoMotionSensor,10,0.4,7,4,False,0.334331,0.40145,0.233653,ok
BelkinWemoMotionSensor,10,0.4,30,4,False,0.41723,0.40145,0.4409,ok
BelkinWemoMotionSensor,10,0.4,120,4,False,0.479199,0.40145,0.595824,ok
BelkinWemoMotionSensor,10,0.5,1,5,False,0.31791,0.499897,0.044929,ok
BelkinWemoMotionSensor,10,0.5,7,5,False,0.403432,0.499897,0.258733,ok
BelkinWemoMotionSensor,10,0.5,30,5,False,0.476434,0.499897,0.44124,ok
BelkinWemoMotionSensor,10,0.5,120,5,False,0.538795,0.499897,0.597141,ok
BelkinWemoMotionSensor,10,0.6,1,6,False,0.381803,0.59993,0.054614,ok
BelkinWemoMotionSensor,10,0.6,7,6,False,0.477877,0.59993,0.294798,ok
BelkinWemoMotionSensor,10,0.6,30,6,False,0.540477,0.59993,0.451297,ok
BelkinWemoMotionSensor,10,0.6,120,6,False,0.60045,0.59993,0.601232,ok
BelkinWemoMotionSensor,10,0.8,1,8,False,0.504615,0.799084,0.062912,ok
BelkinWemoMotionSensor,10,0.8,7,8,False,0.58038,0.799084,0.252324,ok
BelkinWemoMotionSensor,10,0.8,30,8,False,0.646464,0.799084,0.417534,ok
BelkinWemoMotionSensor,10,0.8,120,8,True,0.711482,0.799084,0.580079,ok
BelkinWemoMotionSensor,10,1.0,1,10,False,0.632353,1.0,0.080884,ok
BelkinWemoMotionSensor,10,1.0,7,10,True,0.740319,1.0,0.350798,ok
BelkinWemoMotionSensor,10,1.0,30,10,True,0.820487,1.0,0.551217,ok
BelkinWemoMotionSensor,10,1.0,120,10,True,0.862988,1.0,0.65747,ok
BelkinWemoSwitch,10,0.2,1,2,False,0.125679,0.200564,0.013353,ok
BelkinWemoSwitch,10,0.2,7,2,False,0.157726,0.200564,0.093468,ok
BelkinWemoSwitch,10,0.2,30,2,False,0.269242,0.200564,0.37226,ok
BelkinWemoSwitch,10,0.2,120,2,False,0.380802,0.200564,0.651158,ok
BelkinWemoSwitch,10,0.4,1,4,False,0.251552,0.40145,0.026705,ok
BelkinWemoSwitch,10,0.4,7,4,False,0.299524,0.40145,0.146634,ok
BelkinWemoSwitch,10,0.4,30,4,False,0.420768,0.40145,0.449746,ok
BelkinWemoSwitch,10,0.4,120,4,False,0.503951,0.40145,0.657703,ok
BelkinWemoSwitch,10,0.5,1,5,False,0.313291,0.499897,0.033382,ok
BelkinWemoSwitch,10,0.5,7,5,False,0.368801,0.499897,0.172156,ok
BelkinWemoSwitch,10,0.5,30,5,False,0.479952,0.499897,0.450033,ok
BelkinWemoSwitch,10,0.5,120,5,False,0.563467,0.499897,0.658823,ok
BelkinWemoSwitch,10,0.6,1,6,False,0.375981,0.59993,0.040058,ok
BelkinWemoSwitch,10,0.6,7,6,False,0.446665,0.59993,0.216769,ok
BelkinWemoSwitch,10,0.6,30,6,False,0.571175,0.59993,0.528044,ok
BelkinWemoSwitch,10,0.6,120,6,False,0.623931,0.59993,0.659934,ok
BelkinWemoSwitch,10,0.8,1,8,False,0.498148,0.799084,0.046744,ok
BelkinWemoSwitch,10,0.8,7,8,False,0.575522,0.799084,0.240179,ok
BelkinWemoSwitch,10,0.8,30,8,True,0.687923,0.799084,0.521181,ok
BelkinWemoSwitch,10,0.8,120,8,True,0.739714,0.799084,0.65066,ok
BelkinWemoSwitch,10,1.0,1,10,False,0.624039,1.0,0.060097,ok
BelkinWemoSwitch,10,1.0,7,10,True,0.723873,1.0,0.309684,ok
BelkinWemoSwitch,10,1.0,30,10,True,0.836113,1.0,0.590282,ok
BelkinWemoSwitch,10,1.0,120,10,True,0.865797,1.0,0.664491,ok
BlipCareBPMeter,6,0.2,1,1,False,0.142475,0.167424,0.105051,ok
BlipCareBPMeter,6,0.2,7,1,False,0.289866,0.167424,0.473529,ok
BlipCareBPMeter,6,0.2,30,1,False,0.417482,0.167424,0.792568,ok
BlipCareBPMeter,6,0.2,120,1,False,0.475791,0.167424,0.93834,ok
BlipCareBPMeter,6,0.4,1,2,False,0.276763,0.334604,0.19,ok
BlipCareBPMeter,6,0.4,7,2,False,0.457429,0.334604,0.641667,ok
BlipCareBPMeter,6,0.4,30,2,False,0.562081,0.334604,0.903297,ok
BlipCareBPMeter,6,0.4,120,2,False,0.588737,0.334604,0.969935,ok
BlipCareBPMeter,6,0.5,1,3,False,0.382475,0.497971,0.209231,ok
BlipCareBPMeter,6,0.5,7,3,False,0.56674,0.497971,0.669892,ok
BlipCareBPMeter,6,0.5,30,3,True,0.657529,0.497971,0.896866,ok
BlipCareBPMeter,6,0.5,120,3,True,0.687604,0.497971,0.972054,ok
BlipCareBPMeter,6,0.6,1,4,False,0.50974,0.665151,0.276623,ok
BlipCareBPMeter,6,0.6,7,4,True,0.697512,0.665151,0.746053,ok
BlipCareBPMeter,6,0.6,30,4,True,0.775123,0.665151,0.940081,ok
BlipCareBPMeter,6,0.6,120,4,True,0.792569,0.665151,0.983696,ok
BlipCareBPMeter,6,0.8,1,5,False,0.615909,0.832576,0.290909,ok
BlipCareBPMeter,6,0.8,7,5,True,0.802879,0.832576,0.758333,ok
BlipCareBPMeter,6,0.8,30,5,True,0.877309,0.832576,0.944408,ok
BlipCareBPMeter,6,0.8,120,5,True,0.893505,0.832576,0.9849,ok
BlipCareBPMeter,6,1.0,1,6,True,0.738333,1.0,0.345833,ok
BlipCareBPMeter,6,1.0,7,6,True,0.913697,1.0,0.784243,ok
BlipCareBPMeter,6,1.0,30,6,True,0.979398,1.0,0.948496,ok
BlipCareBPMeter,6,1.0,120,6,True,0.994327,1.0,0.985818,ok
CanaryCamera,10,0.2,1,2,False,0.213709,0.200564,0.233427,ok
CanaryCamera,10,0.2,7,2,False,0.307266,0.200564,0.467319,ok
CanaryCamera,10,0.2,30,2,False,0.369449,0.200564,0.622777,ok
CanaryCamera,10,0.2,120,2,False,0.395702,0.200564,0.688409,ok
CanaryCamera,10,0.4,1,4,False,0.334278,0.40145,0.23352,ok
CanaryCamera,10,0.4,7,4,False,0.445027,0.40145,0.510393,ok
CanaryCamera,10,0.4,30,4,False,0.498366,0.40145,0.643739,ok
CanaryCamera,10,0.4,120,4,False,0.522442,0.40145,0.703931,ok
CanaryCamera,10,0.5,1,5,False,0.420032,0.499897,0.300233,ok
CanaryCamera,10,0.5,7,5,False,0.515974,0.499897,0.540088,ok
CanaryCamera,10,0.5,30,5,False,0.559344,0.499897,0.648515,ok
CanaryCamera,10,0.5,120,5,False,0.583527,0.499897,0.708971,ok
CanaryCamera,10,0.6,1,6,False,0.52007,0.59993,0.40028,ok
CanaryCamera,10,0.6,7,6,False,0.596527,0.59993,0.591423,ok
CanaryCamera,10,0.6,30,6,False,0.630307,0.59993,0.675873,ok
CanaryCamera,10,0.6,120,6,True,0.650807,0.59993,0.727123,ok
CanaryCamera,10,0.8,1,8,True,0.6796,0.799084,0.500373,ok
CanaryCamera,10,0.8,7,8,True,0.731014,0.799084,0.62891,ok
CanaryCamera,10,0.8,30,8,True,0.755159,0.799084,0.689271,ok
CanaryCamera,10,0.8,120,8,True,0.773808,0.799084,0.735894,ok
CanaryCamera,10,1.0,1,10,True,0.800187,1.0,0.500466,ok
CanaryCamera,10,1.0,7,10,True,0.85182,1.0,0.629551,ok
CanaryCamera,10,1.0,30,10,True,0.876741,1.0,0.691852,ok
CanaryCamera,10,1.0,120,10,True,0.897645,1.0,0.744113,ok
HPPrinter,10,0.2,1,2,False,0.129427,0.200564,0.022722,ok
HPPrinter,10,0.2,7,2,False,0.182065,0.200564,0.154318,ok
HPPrinter,10,0.2,30,2,False,0.335788,0.200564,0.538624,ok
HPPrinter,10,0.2,120,2,False,0.468552,0.200564,0.870535,ok
HPPrinter,10,0.4,1,4,False,0.258982,0.40145,0.045279,ok
HPPrinter,10,0.4,7,4,False,0.361884,0.40145,0.302534,ok
HPPrinter,10,0.4,30,4,False,0.55965,0.40145,0.79695,ok
HPPrinter,10,0.4,120,4,False,0.609036,0.40145,0.920414,ok
HPPrinter,10,0.5,1,5,False,0.322316,0.499897,0.055945,ok
HPPrinter,10,0.5,7,5,False,0.441463,0.499897,0.353813,ok
HPPrinter,10,0.5,30,5,False,0.63262,0.499897,0.831704,ok
HPPrinter,10,0.5,120,5,True,0.672062,0.499897,0.930308,ok
HPPrinter,10,0.6,1,6,False,0.386764,0.59993,0.067016,ok
HPPrinter,10,0.6,7,6,False,0.510046,0.59993,0.375221,ok
HPPrinter,10,0.6,30,6,True,0.694941,0.59993,0.837458,ok
HPPrinter,10,0.6,120,6,True,0.735354,0.59993,0.938491,ok
HPPrinter,10,0.8,1,8,False,0.50807,0.799084,0.071548,ok
HPPrinter,10,0.8,7,8,False,0.636659,0.799084,0.393022,ok
HPPrinter,10,0.8,30,8,True,0.804897,0.799084,0.813617,ok
HPPrinter,10,0.8,120,8,True,0.858609,0.799084,0.947895,ok
HPPrinter,10,1.0,1,10,False,0.637375,1.0,0.093437,ok
HPPrinter,10,1.0,7,10,True,0.789508,1.0,0.473771,ok
HPPrinter,10,1.0,30,10,True,0.953201,1.0,0.883003,ok
HPPrinter,10,1.0,120,10,True,0.98162,1.0,0.95405,ok
HelloBarbie,10,0.2,1,2,False,0.203767,0.200564,0.208571,ok
HelloBarbie,10,0.2,7,2,False,0.358604,0.200564,0.595664,ok
HelloBarbie,10,0.2,30,2,False,0.446022,0.200564,0.81421,ok
HelloBarbie,10,0.2,120,2,False,0.489929,0.200564,0.923976,ok
HelloBarbie,10,0.4,1,4,False,0.367537,0.40145,0.316667,ok
HelloBarbie,10,0.4,7,4,False,0.509203,0.40145,0.670833,ok
HelloBarbie,10,0.4,30,4,False,0.592183,0.40145,0.878282,ok
HelloBarbie,10,0.4,120,4,False,0.624021,0.40145,0.957879,ok
HelloBarbie,10,0.5,1,5,False,0.428158,0.499897,0.320548,ok
HelloBarbie,10,0.5,7,5,False,0.574048,0.499897,0.685275,ok
HelloBarbie,10,0.5,30,5,True,0.657224,0.499897,0.893214,ok
HelloBarbie,10,0.5,120,5,True,0.685765,0.499897,0.964566,ok
HelloBarbie,10,0.6,1,6,False,0.509687,0.59993,0.374324,ok
HelloBarbie,10,0.6,7,6,True,0.652176,0.59993,0.730545,ok
HelloBarbie,10,0.6,30,6,True,0.721771,0.59993,0.904534,ok
HelloBarbie,10,0.6,120,6,True,0.747644,0.59993,0.969217,ok
HelloBarbie,10,0.8,1,8,False,0.632082,0.799084,0.381579,ok
HelloBarbie,10,0.8,7,8,True,0.780044,0.799084,0.751484,ok
HelloBarbie,10,0.8,30,8,True,0.847674,0.799084,0.920559,ok
HelloBarbie,10,0.8,120,8,True,0.869555,0.799084,0.975261,ok
HelloBarbie,10,1.0,1,10,True,0.755385,1.0,0.388462,ok
HelloBarbie,10,1.0,7,10,True,0.90727,1.0,0.768174,ok
HelloBarbie,10,1.0,30,10,True,0.972543,1.0,0.931358,ok
HelloBarbie,10,1.0,120,10,True,0.991607,1.0,0.979017,ok
LiFXBulb,10,0.2,1,2,False,0.12643,0.200564,0.015229,ok
LiFXBulb,10,0.2,7,2,False,0.162072,0.200564,0.104336,ok
LiFXBulb,10,0.2,30,2,False,0.273203,0.200564,0.382162,ok
LiFXBulb,10,0.2,120,2,False,0.364365,0.200564,0.610066,ok
LiFXBulb,10,0.4,1,4,False,0.253053,0.40145,0.030458,ok
LiFXBulb,10,0.4,7,4,False,0.317021,0.40145,0.190378,ok
LiFXBulb,10,0.4,30,4,False,0.403587,0.40145,0.406794,ok
LiFXBulb,10,0.4,120,4,False,0.480895,0.40145,0.600062,ok
LiFXBulb,10,0.5,1,5,False,0.315167,0.499897,0.038072,ok
LiFXBulb,10,0.5,7,5,False,0.394366,0.499897,0.23607,ok
LiFXBulb,10,0.5,30,5,False,0.467873,0.499897,0.419836,ok
LiFXBulb,10,0.5,120,5,False,0.541038,0.499897,0.602749,ok
LiFXBulb,10,0.6,1,6,False,0.378232,0.59993,0.045687,ok
LiFXBulb,10,0.6,7,6,False,0.482182,0.59993,0.30556,ok
LiFXBulb,10,0.6,30,6,False,0.565703,0.59993,0.514362,ok
LiFXBulb,10,0.6,120,6,False,0.615224,0.59993,0.638165,ok
LiFXBulb,10,0.8,1,8,False,0.500773,0.799084,0.053307,ok
LiFXBulb,10,0.8,7,8,False,0.598728,0.799084,0.298193,ok
LiFXBulb,10,0.8,30,8,True,0.675394,0.799084,0.48986,ok
LiFXBulb,10,0.8,120,8,True,0.733432,0.799084,0.634953,ok
LiFXBulb,10,1.0,1,10,False,0.627414,1.0,0.068536,ok
LiFXBulb,10,1.0,7,10,True,0.743139,1.0,0.357848,ok
LiFXBulb,10,1.0,30,10,True,0.808166,1.0,0.520416,ok
LiFXBulb,10,1.0,120,10,True,0.859964,1.0,0.649911,ok
NestDropCam,10,0.2,1,2,False,0.126618,0.200564,0.0157,ok
NestDropCam,10,0.2,7,2,False,0.161721,0.200564,0.103458,ok
NestDropCam,10,0.2,30,2,False,0.259924,0.200564,0.348964,ok
NestDropCam,10,0.2,120,2,False,0.388115,0.200564,0.669442,ok
NestDropCam,10,0.4,1,4,False,0.253301,0.40145,0.031078,ok
NestDropCam,10,0.4,7,4,False,0.319059,0.40145,0.195472,ok
NestDropCam,10,0.4,30,4,False,0.454637,0.40145,0.534417,ok
NestDropCam,10,0.4,120,4,False,0.546651,0.40145,0.764452,ok
NestDropCam,10,0.5,1,5,False,0.31532,0.499897,0.038453,ok
NestDropCam,10,0.5,7,5,False,0.38543,0.499897,0.21373,ok
NestDropCam,10,0.5,30,5,False,0.519255,0.499897,0.548292,ok
NestDropCam,10,0.5,120,5,False,0.611934,0.499897,0.779989,ok
NestDropCam,10,0.6,1,6,False,0.378414,0.59993,0.046142,ok
NestDropCam,10,0.6,7,6,False,0.460164,0.59993,0.250517,ok
NestDropCam,10,0.6,30,6,False,0.602215,0.59993,0.605643,ok
NestDropCam,10,0.6,120,6,True,0.676893,0.59993,0.792338,ok
NestDropCam,10,0.8,1,8,False,0.500895,0.799084,0.053611,ok
NestDropCam,10,0.8,7,8,False,0.59682,0.799084,0.293424,ok
NestDropCam,10,0.8,30,8,True,0.717969,0.799084,0.596295,ok
NestDropCam,10,0.8,120,8,True,0.810231,0.799084,0.826952,ok
NestDropCam,10,1.0,1,10,False,0.627261,1.0,0.068154,ok
NestDropCam,10,1.0,7,10,True,0.743844,1.0,0.359609,ok
NestDropCam,10,1.0,30,10,True,0.862947,1.0,0.657367,ok
NestDropCam,10,1.0,120,10,True,0.937432,1.0,0.84358,ok
NestProtect,10,0.2,1,2,False,0.124436,0.200564,0.010245,ok
NestProtect,10,0.2,7,2,False,0.147974,0.200564,0.069089,ok
NestProtect,10,0.2,30,2,False,0.221205,0.200564,0.252167,ok
NestProtect,10,0.2,120,2,False,0.374738,0.200564,0.635999,ok
NestProtect,10,0.4,1,4,False,0.249114,0.40145,0.02061,ok
NestProtect,10,0.4,7,4,False,0.297361,0.40145,0.141228,ok
NestProtect,10,0.4,30,4,False,0.411871,0.40145,0.427503,ok
NestProtect,10,0.4,120,4,False,0.519867,0.40145,0.697492,ok
NestProtect,10,0.5,1,5,False,0.310242,0.499897,0.025759,ok
NestProtect,10,0.5,7,5,False,0.359438,0.499897,0.148748,ok
NestProtect,10,0.5,30,5,False,0.476271,0.499897,0.440831,ok
NestProtect,10,0.5,120,5,False,0.585556,0.499897,0.714044,ok
NestProtect,10,0.6,1,6,False,0.372245,0.59993,0.030719,ok
NestProtect,10,0.6,7,6,False,0.430178,0.59993,0.175552,ok
NestProtect,10,0.6,30,6,False,0.570044,0.59993,0.525215,ok
NestProtect,10,0.6,120,6,True,0.65086,0.59993,0.727256,ok
NestProtect,10,0.8,1,8,False,0.495731,0.799084,0.040701,ok
NestProtect,10,0.8,7,8,False,0.56541,0.799084,0.2149,ok
NestProtect,10,0.8,30,8,True,0.699575,0.799084,0.55031,ok
NestProtect,10,0.8,120,8,True,0.774368,0.799084,0.737294,ok
NestProtect,10,1.0,1,10,False,0.620345,1.0,0.050862,ok
NestProtect,10,1.0,7,10,True,0.71244,1.0,0.2811,ok
NestProtect,10,1.0,30,10,True,0.875591,1.0,0.688978,ok
NestProtect,10,1.0,120,10,True,0.953902,1.0,0.884755,ok
NetatmoWeatherStation,2,0.2,1,1,False,0.432806,0.499121,0.333333,ok
NetatmoWeatherStation,2,0.2,7,1,False,0.637806,0.499121,0.845833,ok
NetatmoWeatherStation,2,0.2,30,1,False,0.682941,0.499121,0.958669,ok
NetatmoWeatherStation,2,0.2,120,1,False,0.695191,0.499121,0.989297,ok
NetatmoWeatherStation,2,0.4,1,1,False,0.432806,0.499121,0.333333,ok
NetatmoWeatherStation,2,0.4,7,1,False,0.637806,0.499121,0.845833,ok
NetatmoWeatherStation,2,0.4,30,1,False,0.682941,0.499121,0.958669,ok
NetatmoWeatherStation,2,0.4,120,1,False,0.695191,0.499121,0.989297,ok
NetatmoWeatherStation,2,0.5,1,1,False,0.433861,0.500879,0.333333,ok
NetatmoWeatherStation,2,0.5,7,1,False,0.611638,0.500879,0.777778,ok
NetatmoWeatherStation,2,0.5,30,1,False,0.675527,0.500879,0.9375,ok
NetatmoWeatherStation,2,0.5,120,1,False,0.69397,0.500879,0.983607,ok
NetatmoWeatherStation,2,0.6,1,1,False,0.432806,0.499121,0.333333,ok
NetatmoWeatherStation,2,0.6,7,1,False,0.637806,0.499121,0.845833,ok
NetatmoWeatherStation,2,0.6,30,1,False,0.682941,0.499121,0.958669,ok
NetatmoWeatherStation,2,0.6,120,1,False,0.695191,0.499121,0.989297,ok
NetatmoWeatherStation,2,0.8,1,2,True,0.8,1.0,0.5,ok
NetatmoWeatherStation,2,0.8,7,2,True,0.966333,1.0,0.915833,ok
NetatmoWeatherStation,2,0.8,30,2,True,0.988761,1.0,0.971902,ok
NetatmoWeatherStation,2,0.8,120,2,True,0.996821,1.0,0.992052,ok
NetatmoWeatherStation,2,1.0,1,2,True,0.8,1.0,0.5,ok
NetatmoWeatherStation,2,1.0,7,2,True,0.966333,1.0,0.915833,ok
NetatmoWeatherStation,2,1.0,30,2,True,0.988761,1.0,0.971902,ok
NetatmoWeatherStation,2,1.0,120,2,True,0.996821,1.0,0.992052,ok
NetatmoWelcome,10,0.2,1,2,False,0.125297,0.200564,0.012397,ok
NetatmoWelcome,10,0.2,7,2,False,0.155048,0.200564,0.086776,ok
NetatmoWelcome,10,0.2,30,2,False,0.239212,0.200564,0.297185,ok
NetatmoWelcome,10,0.2,120,2,False,0.351642,0.200564,0.578259,ok
NetatmoWelcome,10,0.4,1,4,False,0.250787,0.40145,0.024793,ok
NetatmoWelcome,10,0.4,7,4,False,0.290468,0.40145,0.123994,ok
NetatmoWelcome,10,0.4,30,4,False,0.371183,0.40145,0.325782,ok
NetatmoWelcome,10,0.4,120,4,False,0.456382,0.40145,0.538779,ok
NetatmoWelcome,10,0.5,1,5,False,0.312335,0.499897,0.030991,ok
NetatmoWelcome,10,0.5,7,5,False,0.366891,0.499897,0.167382,ok
NetatmoWelcome,10,0.5,30,5,False,0.44804,0.499897,0.370255,ok
NetatmoWelcome,10,0.5,120,5,False,0.526482,0.499897,0.566359,ok
NetatmoWelcome,10,0.6,1,6,False,0.374834,0.59993,0.03719,ok
NetatmoWelcome,10,0.6,7,6,False,0.451699,0.59993,0.229354,ok
NetatmoWelcome,10,0.6,30,6,False,0.579088,0.59993,0.547827,ok
NetatmoWelcome,10,0.6,120,6,False,0.603567,0.59993,0.609024,ok
NetatmoWelcome,10,0.8,1,8,False,0.499285,0.799084,0.049586,ok
NetatmoWelcome,10,0.8,7,8,False,0.586661,0.799084,0.268027,ok
NetatmoWelcome,10,0.8,30,8,True,0.696936,0.799084,0.543715,ok
NetatmoWelcome,10,0.8,120,8,True,0.724341,0.799084,0.612225,ok
NetatmoWelcome,10,1.0,1,10,False,0.624793,1.0,0.061983,ok
NetatmoWelcome,10,1.0,7,10,True,0.731579,1.0,0.328946,ok
NetatmoWelcome,10,1.0,30,10,True,0.869077,1.0,0.672693,ok
NetatmoWelcome,10,1.0,120,10,True,0.874637,1.0,0.686593,ok
PhilipsHue,10,0.2,1,2,False,0.127708,0.200564,0.018425,ok
PhilipsHue,10,0.2,7,2,False,0.168744,0.200564,0.121016,ok
PhilipsHue,10,0.2,30,2,False,0.242568,0.200564,0.305575,ok
PhilipsHue,10,0.2,120,2,False,0.31373,0.200564,0.483479,ok
PhilipsHue,10,0.4,1,4,False,0.255419,0.40145,0.036372,ok
PhilipsHue,10,0.4,7,4,False,0.311736,0.40145,0.177164,ok
PhilipsHue,10,0.4,30,4,False,0.409975,0.40145,0.422762,ok
PhilipsHue,10,0.4,120,4,False,0.511409,0.40145,0.676348,ok
PhilipsHue,10,0.5,1,5,False,0.318124,0.499897,0.045465,ok
PhilipsHue,10,0.5,7,5,False,0.3733,0.499897,0.183403,ok
PhilipsHue,10,0.5,30,5,False,0.470058,0.499897,0.4253,ok
PhilipsHue,10,0.5,120,5,False,0.570611,0.499897,0.676682,ok
PhilipsHue,10,0.6,1,6,False,0.378384,0.59993,0.046065,ok
PhilipsHue,10,0.6,7,6,False,0.453325,0.59993,0.233417,ok
PhilipsHue,10,0.6,30,6,False,0.542602,0.59993,0.45661,ok
PhilipsHue,10,0.6,120,6,False,0.586472,0.59993,0.566285,ok
PhilipsHue,10,0.8,1,8,False,0.504911,0.799084,0.063652,ok
PhilipsHue,10,0.8,7,8,False,0.605338,0.799084,0.314719,ok
PhilipsHue,10,0.8,30,8,True,0.712223,0.799084,0.581931,ok
PhilipsHue,10,0.8,120,8,True,0.757068,0.799084,0.694043,ok
PhilipsHue,10,1.0,1,10,False,0.632735,1.0,0.081838,ok
PhilipsHue,10,1.0,7,10,True,0.738483,1.0,0.346207,ok
PhilipsHue,10,1.0,30,10,True,0.837336,1.0,0.593341,ok
PhilipsHue,10,1.0,120,10,True,0.877806,1.0,0.694516,ok
PixStarPhotoFrame,10,0.2,1,2,False,0.1421,0.200564,0.054405,ok
PixStarPhotoFrame,10,0.2,7,2,False,0.237179,0.200564,0.292103,ok
PixStarPhotoFrame,10,0.2,30,2,False,0.336699,0.200564,0.540901,ok
PixStarPhotoFrame,10,0.2,120,2,False,0.391178,0.200564,0.6771,ok
PixStarPhotoFrame,10,0.4,1,4,False,0.273624,0.40145,0.081884,ok
PixStarPhotoFrame,10,0.4,7,4,False,0.368369,0.40145,0.318747,ok
PixStarPhotoFrame,10,0.4,30,4,False,0.467272,0.40145,0.566004,ok
PixStarPhotoFrame,10,0.4,120,4,False,0.526872,0.40145,0.715006,ok
PixStarPhotoFrame,10,0.5,1,5,False,0.343572,0.499897,0.109085,ok
PixStarPhotoFrame,10,0.5,7,5,False,0.432381,0.499897,0.331107,ok
PixStarPhotoFrame,10,0.5,30,5,False,0.52979,0.499897,0.57463,ok
PixStarPhotoFrame,10,0.5,120,5,False,0.59207,0.499897,0.73033,ok
PixStarPhotoFrame,10,0.6,1,6,False,0.414472,0.59993,0.136285,ok
PixStarPhotoFrame,10,0.6,7,6,False,0.493131,0.59993,0.332932,ok
PixStarPhotoFrame,10,0.6,30,6,False,0.592332,0.59993,0.580936,ok
PixStarPhotoFrame,10,0.6,120,6,True,0.657242,0.59993,0.74321,ok
PixStarPhotoFrame,10,0.8,1,8,False,0.534186,0.799084,0.136838,ok
PixStarPhotoFrame,10,0.8,7,8,False,0.614057,0.799084,0.336515,ok
PixStarPhotoFrame,10,0.8,30,8,True,0.716524,0.799084,0.592683,ok
PixStarPhotoFrame,10,0.8,120,8,True,0.785213,0.799084,0.764407,ok
PixStarPhotoFrame,10,1.0,1,10,True,0.665724,1.0,0.164311,ok
PixStarPhotoFrame,10,1.0,7,10,True,0.788977,1.0,0.472443,ok
PixStarPhotoFrame,10,1.0,30,10,True,0.874239,1.0,0.685598,ok
PixStarPhotoFrame,10,1.0,120,10,True,0.932569,1.0,0.831424,ok
RingDoorBell,10,0.2,1,2,False,0.153093,0.200564,0.081887,ok
RingDoorBell,10,0.2,7,2,False,0.282638,0.200564,0.405749,ok
RingDoorBell,10,0.2,30,2,False,0.3701,0.200564,0.624406,ok
RingDoorBell,10,0.2,120,2,False,0.452856,0.200564,0.831296,ok
RingDoorBell,10,0.4,1,4,False,0.306335,0.40145,0.163664,ok
RingDoorBell,10,0.4,7,4,False,0.454251,0.40145,0.533453,ok
RingDoorBell,10,0.4,30,4,False,0.529701,0.40145,0.722078,ok
RingDoorBell,10,0.4,120,4,False,0.597063,0.40145,0.890481,ok
RingDoorBell,10,0.5,1,5,False,0.377649,0.499897,0.194278,ok
RingDoorBell,10,0.5,7,5,False,0.535523,0.499897,0.588962,ok
RingDoorBell,10,0.5,30,5,False,0.631671,0.499897,0.829332,ok
RingDoorBell,10,0.5,120,5,True,0.672954,0.499897,0.93254,ok
RingDoorBell,10,0.6,1,6,False,0.431424,0.59993,0.178667,ok
RingDoorBell,10,0.6,7,6,False,0.625878,0.59993,0.664801,ok
RingDoorBell,10,0.6,30,6,True,0.697133,0.59993,0.842938,ok
RingDoorBell,10,0.6,120,6,True,0.736199,0.59993,0.940604,ok
RingDoorBell,10,0.8,1,8,False,0.5791,0.799084,0.249123,ok
RingDoorBell,10,0.8,7,8,True,0.768345,0.799084,0.722235,ok
RingDoorBell,10,0.8,30,8,True,0.824959,0.799084,0.863771,ok
RingDoorBell,10,0.8,120,8,True,0.86004,0.799084,0.951474,ok
RingDoorBell,10,1.0,1,10,True,0.727792,1.0,0.319481,ok
RingDoorBell,10,1.0,7,10,True,0.894546,1.0,0.736366,ok
RingDoorBell,10,1.0,30,10,True,0.95159,1.0,0.878974,ok
RingDoorBell,10,1.0,120,10,True,0.983384,1.0,0.958461,ok
SamsungCamera,10,0.2,1,2,False,0.12688,0.200564,0.016355,ok
SamsungCamera,10,0.2,7,2,False,0.163159,0.200564,0.107053,ok
SamsungCamera,10,0.2,30,2,False,0.26733,0.200564,0.367479,ok
SamsungCamera,10,0.2,120,2,False,0.377433,0.200564,0.642736,ok
SamsungCamera,10,0.4,1,4,False,0.253954,0.40145,0.03271,ok
SamsungCamera,10,0.4,7,4,False,0.326511,0.40145,0.214103,ok
SamsungCamera,10,0.4,30,4,False,0.476385,0.40145,0.588787,ok
SamsungCamera,10,0.4,120,4,False,0.526731,0.40145,0.714652,ok
SamsungCamera,10,0.5,1,5,False,0.313038,0.499897,0.032748,ok
SamsungCamera,10,0.5,7,5,False,0.385685,0.499897,0.214367,ok
SamsungCamera,10,0.5,30,5,False,0.535894,0.499897,0.589889,ok
SamsungCamera,10,0.5,120,5,False,0.587396,0.499897,0.718645,ok
SamsungCamera,10,0.6,1,6,False,0.373072,0.59993,0.032786,ok
SamsungCamera,10,0.6,7,6,False,0.421462,0.59993,0.153761,ok
SamsungCamera,10,0.6,30,6,False,0.523327,0.59993,0.408424,ok
SamsungCamera,10,0.6,120,6,False,0.623539,0.59993,0.658953,ok
SamsungCamera,10,0.8,1,8,False,0.498882,0.799084,0.048579,ok
SamsungCamera,10,0.8,7,8,False,0.558575,0.799084,0.197811,ok
SamsungCamera,10,0.8,30,8,False,0.648235,0.799084,0.421962,ok
SamsungCamera,10,0.8,120,8,True,0.738977,0.799084,0.648817,ok
SamsungCamera,10,1.0,1,10,False,0.625899,1.0,0.064747,ok
SamsungCamera,10,1.0,7,10,True,0.700409,1.0,0.251023,ok
SamsungCamera,10,1.0,30,10,True,0.83849,1.0,0.596224,ok
SamsungCamera,10,1.0,120,10,True,0.894813,1.0,0.737033,ok
SamsungSmartThings,10,0.2,1,2,False,0.125588,0.200564,0.013125,ok
SamsungSmartThings,10,0.2,7,2,False,0.157089,0.200564,0.091876,ok
SamsungSmartThings,10,0.2,30,2,False,0.239767,0.200564,0.298573,ok
SamsungSmartThings,10,0.2,120,2,False,0.335759,0.200564,0.538553,ok
SamsungSmartThings,10,0.4,1,4,False,0.25137,0.40145,0.02625,ok
SamsungSmartThings,10,0.4,7,4,False,0.314371,0.40145,0.183752,ok
SamsungSmartThings,10,0.4,30,4,False,0.420399,0.40145,0.448822,ok
SamsungSmartThings,10,0.4,120,4,False,0.503557,0.40145,0.656718,ok
SamsungSmartThings,10,0.5,1,5,False,0.313064,0.499897,0.032813,ok
SamsungSmartThings,10,0.5,7,5,False,0.381347,0.499897,0.203521,ok
SamsungSmartThings,10,0.5,30,5,False,0.481868,0.499897,0.454823,ok
SamsungSmartThings,10,0.5,120,5,False,0.563543,0.499897,0.65901,ok
SamsungSmartThings,10,0.6,1,6,False,0.375708,0.59993,0.039376,ok
SamsungSmartThings,10,0.6,7,6,False,0.456854,0.59993,0.24224,ok
SamsungSmartThings,10,0.6,30,6,False,0.559066,0.59993,0.497771,ok
SamsungSmartThings,10,0.6,120,6,False,0.624058,0.59993,0.660251,ok
SamsungSmartThings,10,0.8,1,8,False,0.500451,0.799084,0.052501,ok
SamsungSmartThings,10,0.8,7,8,False,0.593357,0.799084,0.284767,ok
SamsungSmartThings,10,0.8,30,8,True,0.712073,0.799084,0.581556,ok
SamsungSmartThings,10,0.8,120,8,True,0.760591,0.799084,0.702852,ok
SamsungSmartThings,10,1.0,1,10,False,0.62625,1.0,0.065626,ok
SamsungSmartThings,10,1.0,7,10,True,0.7454,1.0,0.3635,ok
SamsungSmartThings,10,1.0,30,10,True,0.833098,1.0,0.582744,ok
SamsungSmartThings,10,1.0,120,10,True,0.882851,1.0,0.707127,ok
TPLinkCamera,10,0.2,1,2,False,0.133379,0.200564,0.032602,ok
TPLinkCamera,10,0.2,7,2,False,0.20046,0.200564,0.200305,ok
TPLinkCamera,10,0.2,30,2,False,0.297701,0.200564,0.443408,ok
TPLinkCamera,10,0.2,120,2,False,0.366759,0.200564,0.616052,ok
TPLinkCamera,10,0.4,1,4,False,0.266951,0.40145,0.065203,ok
TPLinkCamera,10,0.4,7,4,False,0.378257,0.40145,0.343466,ok
TPLinkCamera,10,0.4,30,4,False,0.459685,0.40145,0.547038,ok
TPLinkCamera,10,0.4,120,4,False,0.504174,0.40145,0.65826,ok
TPLinkCamera,10,0.5,1,5,False,0.33254,0.499897,0.081504,ok
TPLinkCamera,10,0.5,7,5,False,0.470439,0.499897,0.426251,ok
TPLinkCamera,10,0.5,30,5,False,0.5235,0.499897,0.558905,ok
TPLinkCamera,10,0.5,120,5,False,0.564735,0.499897,0.661992,ok
TPLinkCamera,10,0.6,1,6,False,0.398192,0.59993,0.095585,ok
TPLinkCamera,10,0.6,7,6,False,0.511092,0.59993,0.377836,ok
TPLinkCamera,10,0.6,30,6,False,0.595793,0.59993,0.589588,ok
TPLinkCamera,10,0.6,120,6,False,0.629809,0.59993,0.674628,ok
TPLinkCamera,10,0.8,1,8,False,0.530429,0.799084,0.127447,ok
TPLinkCamera,10,0.8,7,8,True,0.668398,0.799084,0.47237,ok
TPLinkCamera,10,0.8,30,8,True,0.712936,0.799084,0.583714,ok
TPLinkCamera,10,0.8,120,8,True,0.750154,0.799084,0.676758,ok
TPLinkCamera,10,1.0,1,10,True,0.663724,1.0,0.159309,ok
TPLinkCamera,10,1.0,7,10,True,0.799153,1.0,0.497882,ok
TPLinkCamera,10,1.0,30,10,True,0.838204,1.0,0.59551,ok
TPLinkCamera,10,1.0,120,10,True,0.873682,1.0,0.684205,ok
TPLinkSmartPlug,10,0.2,1,2,False,0.149845,0.200564,0.073768,ok
TPLinkSmartPlug,10,0.2,7,2,False,0.253203,0.200564,0.332162,ok
TPLinkSmartPlug,10,0.2,30,2,False,0.377331,0.200564,0.642482,ok
TPLinkSmartPlug,10,0.2,120,2,False,0.401937,0.200564,0.703998,ok
TPLinkSmartPlug,10,0.4,1,4,False,0.299884,0.40145,0.147535,ok
TPLinkSmartPlug,10,0.4,7,4,False,0.465335,0.40145,0.561164,ok
TPLinkSmartPlug,10,0.4,30,4,False,0.493673,0.40145,0.632007,ok
TPLinkSmartPlug,10,0.4,120,4,False,0.522202,0.40145,0.703331,ok
TPLinkSmartPlug,10,0.5,1,5,False,0.373706,0.499897,0.184419,ok
TPLinkSmartPlug,10,0.5,7,5,False,0.52452,0.499897,0.561453,ok
TPLinkSmartPlug,10,0.5,30,5,False,0.553224,0.499897,0.633213,ok
TPLinkSmartPlug,10,0.5,120,5,False,0.583003,0.499897,0.707662,ok
TPLinkSmartPlug,10,0.6,1,6,False,0.444058,0.59993,0.21025,ok
TPLinkSmartPlug,10,0.6,7,6,False,0.608347,0.59993,0.620973,ok
TPLinkSmartPlug,10,0.6,30,6,False,0.625745,0.59993,0.664469,ok
TPLinkSmartPlug,10,0.6,120,6,False,0.648835,0.59993,0.722194,ok
TPLinkSmartPlug,10,0.8,1,8,False,0.591584,0.799084,0.280333,ok
TPLinkSmartPlug,10,0.8,7,8,True,0.72807,0.799084,0.621549,ok
TPLinkSmartPlug,10,0.8,30,8,True,0.746183,0.799084,0.666832,ok
TPLinkSmartPlug,10,0.8,120,8,True,0.77154,0.799084,0.730224,ok
TPLinkSmartPlug,10,1.0,1,10,True,0.740167,1.0,0.350417,ok
TPLinkSmartPlug,10,1.0,7,10,True,0.848849,1.0,0.622123,ok
TPLinkSmartPlug,10,1.0,30,10,True,0.867663,1.0,0.669157,ok
TPLinkSmartPlug,10,1.0,120,10,True,0.895117,1.0,0.737794,ok
TribySpeaker,10,0.2,1,2,False,0.126568,0.200564,0.015573,ok
TribySpeaker,10,0.2,7,2,False,0.163944,0.200564,0.109014,ok
TribySpeaker,10,0.2,30,2,False,0.279043,0.200564,0.396761,ok
TribySpeaker,10,0.2,120,2,False,0.366582,0.200564,0.61561,ok
TribySpeaker,10,0.4,1,4,False,0.253192,0.40145,0.030805,ok
TribySpeaker,10,0.4,7,4,False,0.312398,0.40145,0.178821,ok
TribySpeaker,10,0.4,30,4,False,0.386333,0.40145,0.363657,ok
TribySpeaker,10,0.4,120,4,False,0.4749,0.40145,0.585076,ok
TribySpeaker,10,0.5,1,5,False,0.315341,0.499897,0.038506,ok
TribySpeaker,10,0.5,7,5,False,0.374349,0.499897,0.186026,ok
TribySpeaker,10,0.5,30,5,False,0.445508,0.499897,0.363923,ok
TribySpeaker,10,0.5,120,5,False,0.534384,0.499897,0.586113,ok
TribySpeaker,10,0.6,1,6,False,0.375364,0.59993,0.038515,ok
TribySpeaker,10,0.6,7,6,False,0.454423,0.59993,0.236164,ok
TribySpeaker,10,0.6,30,6,False,0.56315,0.59993,0.507981,ok
TribySpeaker,10,0.6,120,6,False,0.631842,0.59993,0.679711,ok
TribySpeaker,10,0.8,1,8,False,0.500783,0.799084,0.053332,ok
TribySpeaker,10,0.8,7,8,False,0.58365,0.799084,0.260499,ok
TribySpeaker,10,0.8,30,8,True,0.681609,0.799084,0.505395,ok
TribySpeaker,10,0.8,120,8,True,0.752283,0.799084,0.682082,ok
TribySpeaker,10,1.0,1,10,False,0.627427,1.0,0.068568,ok
TribySpeaker,10,1.0,7,10,True,0.727522,1.0,0.318805,ok
TribySpeaker,10,1.0,30,10,True,0.82067,1.0,0.551674,ok
TribySpeaker,10,1.0,120,10,True,0.873637,1.0,0.684093,ok
WithingsBabyMonitor,10,0.2,1,2,False,0.155381,0.200564,0.087607,ok
WithingsBabyMonitor,10,0.2,7,2,False,0.307305,0.200564,0.467417,ok
WithingsBabyMonitor,10,0.2,30,2,False,0.388887,0.200564,0.671372,ok
WithingsBabyMonitor,10,0.2,120,2,False,0.401105,0.200564,0.701917,ok
WithingsBabyMonitor,10,0.4,1,4,False,0.293456,0.40145,0.131465,ok
WithingsBabyMonitor,10,0.4,7,4,False,0.494802,0.40145,0.63483,ok
WithingsBabyMonitor,10,0.4,30,4,False,0.510668,0.40145,0.674494,ok
WithingsBabyMonitor,10,0.4,120,4,False,0.526191,0.40145,0.713303,ok
WithingsBabyMonitor,10,0.5,1,5,False,0.370046,0.499897,0.175268,ok
WithingsBabyMonitor,10,0.5,7,5,False,0.554019,0.499897,0.635202,ok
WithingsBabyMonitor,10,0.5,30,5,False,0.570351,0.499897,0.676031,ok
WithingsBabyMonitor,10,0.5,120,5,False,0.587404,0.499897,0.718664,ok
WithingsBabyMonitor,10,0.6,1,6,False,0.430087,0.59993,0.175322,ok
WithingsBabyMonitor,10,0.6,7,6,False,0.58752,0.59993,0.568907,ok
WithingsBabyMonitor,10,0.6,30,6,False,0.630979,0.59993,0.677552,ok
WithingsBabyMonitor,10,0.6,120,6,False,0.649486,0.59993,0.723822,ok
WithingsBabyMonitor,10,0.8,1,8,False,0.584622,0.799084,0.262929,ok
WithingsBabyMonitor,10,0.8,7,8,True,0.733976,0.799084,0.636313,ok
WithingsBabyMonitor,10,0.8,30,8,True,0.751669,0.799084,0.680547,ok
WithingsBabyMonitor,10,0.8,120,8,True,0.772878,0.799084,0.733569,ok
WithingsBabyMonitor,10,1.0,1,10,True,0.705215,1.0,0.263036,ok
WithingsBabyMonitor,10,1.0,7,10,True,0.854819,1.0,0.637048,ok
WithingsBabyMonitor,10,1.0,30,10,True,0.873392,1.0,0.68348,ok
WithingsBabyMonitor,10,1.0,120,10,True,0.89705,1.0,0.742626,ok
WithingsSleepSensor,10,0.2,1,2,False,0.126572,0.200564,0.015585,ok
WithingsSleepSensor,10,0.2,7,2,False,0.161254,0.200564,0.10229,ok
WithingsSleepSensor,10,0.2,30,2,False,0.210104,0.200564,0.224415,ok
WithingsSleepSensor,10,0.2,120,2,False,0.31238,0.200564,0.480105,ok
WithingsSleepSensor,10,0.4,1,4,False,0.253478,0.40145,0.03152,ok
WithingsSleepSensor,10,0.4,7,4,False,0.309607,0.40145,0.171842,ok
WithingsSleepSensor,10,0.4,30,4,False,0.403783,0.40145,0.407282,ok
WithingsSleepSensor,10,0.4,120,4,False,0.498517,0.40145,0.644117,ok
WithingsSleepSensor,10,0.5,1,5,False,0.315698,0.499897,0.0394,ok
WithingsSleepSensor,10,0.5,7,5,False,0.374431,0.499897,0.186231,ok
WithingsSleepSensor,10,0.5,30,5,False,0.466889,0.499897,0.417375,ok
WithingsSleepSensor,10,0.5,120,5,False,0.560652,0.499897,0.651785,ok
WithingsSleepSensor,10,0.6,1,6,False,0.375549,0.59993,0.038978,ok
WithingsSleepSensor,10,0.6,7,6,False,0.457235,0.59993,0.243194,ok
WithingsSleepSensor,10,0.6,30,6,False,0.551202,0.59993,0.478112,ok
WithingsSleepSensor,10,0.6,120,6,False,0.621338,0.59993,0.65345,ok
WithingsSleepSensor,10,0.8,1,8,False,0.501276,0.799084,0.054563,ok
WithingsSleepSensor,10,0.8,7,8,False,0.594067,0.799084,0.286541,ok
WithingsSleepSensor,10,0.8,30,8,True,0.694444,0.799084,0.537484,ok
WithingsSleepSensor,10,0.8,120,8,True,0.758681,0.799084,0.698075,ok
WithingsSleepSensor,10,1.0,1,10,False,0.628059,1.0,0.070148,ok
WithingsSleepSensor,10,1.0,7,10,True,0.740413,1.0,0.351032,ok
WithingsSleepSensor,10,1.0,30,10,True,0.827115,1.0,0.567789,ok
WithingsSleepSensor,10,1.0,120,10,True,0.880722,1.0,0.701806,ok
WithingsSmartScale,10,0.2,1,2,False,0.124584,0.200564,0.010616,ok
WithingsSmartScale,10,0.2,7,2,False,0.149806,0.200564,0.07367,ok
WithingsSmartScale,10,0.2,30,2,False,0.206056,0.200564,0.214295,ok
WithingsSmartScale,10,0.2,120,2,False,0.363145,0.200564,0.607018,ok
WithingsSmartScale,10,0.4,1,4,False,0.24935,0.40145,0.0212,ok
WithingsSmartScale,10,0.4,7,4,False,0.290828,0.40145,0.124895,ok
WithingsSmartScale,10,0.4,30,4,False,0.391986,0.40145,0.377791,ok
WithingsSmartScale,10,0.4,120,4,False,0.556825,0.40145,0.789888,ok
WithingsSmartScale,10,0.5,1,5,False,0.31053,0.499897,0.02648,ok
WithingsSmartScale,10,0.5,7,5,False,0.364177,0.499897,0.160597,ok
WithingsSmartScale,10,0.5,30,5,False,0.501617,0.499897,0.504197,ok
WithingsSmartScale,10,0.5,120,5,False,0.634506,0.499897,0.836418,ok
WithingsSmartScale,10,0.6,1,6,False,0.372659,0.59993,0.031753,ok
WithingsSmartScale,10,0.6,7,6,False,0.445958,0.59993,0.215,ok
WithingsSmartScale,10,0.6,30,6,False,0.592411,0.59993,0.581134,ok
WithingsSmartScale,10,0.6,120,6,True,0.70716,0.59993,0.868005,ok
WithingsSmartScale,10,0.8,1,8,False,0.496361,0.799084,0.042276,ok
WithingsSmartScale,10,0.8,7,8,False,0.592111,0.799084,0.281652,ok
WithingsSmartScale,10,0.8,30,8,True,0.735997,0.799084,0.641366,ok
WithingsSmartScale,10,0.8,120,8,True,0.833074,0.799084,0.884059,ok
WithingsSmartScale,10,1.0,1,10,False,0.621108,1.0,0.052769,ok
WithingsSmartScale,10,1.0,7,10,True,0.729692,1.0,0.32423,ok
WithingsSmartScale,10,1.0,30,10,True,0.883472,1.0,0.708681,ok
WithingsSmartScale,10,1.0,120,10,True,0.957953,1.0,0.894882,ok
iHome,10,0.2,1,2,False,0.139009,0.200564,0.046677,ok
iHome,10,0.2,7,2,False,0.229255,0.200564,0.272293,ok
iHome,10,0.2,30,2,False,0.319781,0.200564,0.498607,ok
iHome,10,0.2,120,2,False,0.37055,0.200564,0.62553,ok
iHome,10,0.4,1,4,False,0.279499,0.40145,0.096572,ok
iHome,10,0.4,7,4,False,0.394926,0.40145,0.385141,ok
iHome,10,0.4,30,4,False,0.466477,0.40145,0.564019,ok
iHome,10,0.4,120,4,False,0.495784,0.40145,0.637285,ok
iHome,10,0.5,1,5,False,0.338569,0.499897,0.096577,ok
iHome,10,0.5,7,5,False,0.454009,0.499897,0.385176,ok
iHome,10,0.5,30,5,False,0.525606,0.499897,0.564169,ok
iHome,10,0.5,120,5,False,0.55509,0.499897,0.637879,ok
iHome,10,0.6,1,6,False,0.406637,0.59993,0.116697,ok
iHome,10,0.6,7,6,False,0.493042,0.59993,0.332712,ok
iHome,10,0.6,30,6,False,0.559642,0.59993,0.49921,ok
iHome,10,0.6,120,6,False,0.611123,0.59993,0.627912,ok
iHome,10,0.8,1,8,False,0.554133,0.799084,0.186707,ok
iHome,10,0.8,7,8,False,0.649998,0.799084,0.426369,ok
iHome,10,0.8,30,8,True,0.705299,0.799084,0.56462,ok
iHome,10,0.8,120,8,True,0.73531,0.799084,0.639648,ok
iHome,10,1.0,1,10,True,0.68131,1.0,0.203276,ok
iHome,10,1.0,7,10,True,0.785047,1.0,0.462617,ok
iHome,10,1.0,30,10,True,0.840602,1.0,0.601505,ok
iHome,10,1.0,120,10,True,0.874438,1.0,0.686094,ok
