device_type,adoption_fraction,first_admitted_day,admitted_within_horizon,horizon_days
AmazonEcho,0.2,,False,120
AmazonEcho,0.4,,False,120
AmazonEcho,0.5,,False,120
AmazonEcho,0.6,,False,120
AmazonEcho,0.8,7,True,120
AmazonEcho,1.0,1,True,120
AugustDoorBell,0.2,,False,120
AugustDoorBell,0.4,,False,120
AugustDoorBell,0.5,,False,120
AugustDoorBell,0.6,,False,120
AugustDoorBell,0.8,60,True,120
AugustDoorBell,1.0,7,True,120
AwairAirQuality,0.2,,False,120
AwairAirQuality,0.4,,False,120
AwairAirQuality,0.5,,False,120
AwairAirQuality,0.6,120,True,120
AwairAirQuality,0.8,7,True,120
AwairAirQuality,1.0,1,True,120
BelkinCamera,0.2,,False,120
BelkinCamera,0.4,,False,120
BelkinCamera,0.5,,False,120
BelkinCamera,0.6,120,True,120
BelkinCamera,0.8,3,True,120
BelkinCamera,1.0,1,True,120
BelkinWemoMotionSensor,0.2,,False,120
BelkinWemoMotionSensor,0.4,,False,120
BelkinWemoMotionSensor,0.5,,False,120
BelkinWemoMotionSensor,0.6,,False,120
BelkinWemoMotionSensor,0.8,60,True,120
BelkinWemoMotionSensor,1.0,3,True,120
BelkinWemoSwitch,0.2,,False,120
BelkinWemoSwitch,0.4,,False,120
BelkinWemoSwitch,0.5,,False,120
BelkinWemoSwitch,0.6,,False,120
BelkinWemoSwitch,0.8,30,True,120
BelkinWemoSwitch,1.0,3,True,120
BlipCareBPMeter,0.2,,False,120
BlipCareBPMeter,0.4,,False,120
BlipCareBPMeter,0.5,30,True,120
BlipCareBPMeter,0.6,7,True,120
BlipCareBPMeter,0.8,3,True,120
BlipCareBPMeter,1.0,1,True,120
CanaryCamera,0.2,,False,120
CanaryCamera,0.4,,False,120
CanaryCamera,0.5,,False,120
CanaryCamera,0.6,120,True,120
CanaryCamera,0.8,1,True,120
CanaryCamera,1.0,1,True,120
HPPrinter,0.2,,False,120
HPPrinter,0.4,,False,120
HPPrinter,0.5,60,True,120
HPPrinter,0.6,30,True,120
HPPrinter,0.8,14,True,120
HPPrinter,1.0,3,True,120
HelloBarbie,0.2,,False,120
HelloBarbie,0.4,,False,120
HelloBarbie,0.5,30,True,120
HelloBarbie,0.6,7,True,120
HelloBarbie,0.8,3,True,120
HelloBarbie,1.0,1,True,120
LiFXBulb,0.2,,False,120
LiFXBulb,0.4,,False,120
LiFXBulb,0.5,,False,120
LiFXBulb,0.6,,False,120
LiFXBulb,0.8,30,True,120
LiFXBulb,1.0,3,True,120
NestDropCam,0.2,,False,120
NestDropCam,0.4,,False,120
NestDropCam,0.5,,False,120
NestDropCam,0.6,60,True,120
NestDropCam,0.8,14,True,120
NestDropCam,1.0,3,True,120
NestProtect,0.2,,False,120
NestProtect,0.4,,False,120
NestProtect,0.5,,False,120
NestProtect,0.6,120,True,120
NestProtect,0.8,30,True,120
NestProtect,1.0,3,True,120
NetatmoWeatherStation,0.2,,False,120
NetatmoWeatherStation,0.4,,False,120
NetatmoWeatherStation,0.5,,False,120
NetatmoWeatherStation,0.6,,False,120
NetatmoWeatherStation,0.8,1,True,120
NetatmoWeatherStation,1.0,1,True,120
NetatmoWelcome,0.2,,False,120
NetatmoWelcome,0.4,,False,120
NetatmoWelcome,0.5,,False,120
NetatmoWelcome,0.6,,False,120
NetatmoWelcome,0.8,14,True,120
NetatmoWelcome,1.0,3,True,120
PhilipsHue,0.2,,False,120
PhilipsHue,0.4,,False,120
PhilipsHue,0.5,,False,120
PhilipsHue,0.6,,False,120
PhilipsHue,0.8,14,True,120
PhilipsHue,1.0,3,True,120
PixStarPhotoFrame,0.2,,False,120
PixStarPhotoFrame,0.4,,False,120
PixStarPhotoFrame,0.5,,False,120
PixStarPhotoFrame,0.6,120,True,120
PixStarPhotoFrame,0.8,14,True,120
PixStarPhotoFrame,1.0,1,True,120
RingDoorBell,0.2,,False,120
RingDoorBell,0.4,,False,120
RingDoorBell,0.5,60,True,120
RingDoorBell,0.6,14,True,120
RingDoorBell,0.8,3,True,120
RingDoorBell,1.0,1,True,120
SamsungCamera,0.2,,False,120
SamsungCamera,0.4,,False,120
SamsungCamera,0.5,,False,120
SamsungCamera,0.6,,False,120
SamsungCamera,0.8,60,True,120
SamsungCamera,1.0,3,True,120
SamsungSmartThings,0.2,,False,120
SamsungSmartThings,0.4,,False,120
SamsungSmartThings,0.5,,False,120
SamsungSmartThings,0.6,,False,120
SamsungSmartThings,0.8,14,True,120
SamsungSmartThings,1.0,3,True,120
TPLinkCamera,0.2,,False,120
TPLinkCamera,0.4,,False,120
TPLinkCamera,0.5,,False,120
TPLinkCamera,0.6,,False,120
TPLinkCamera,0.8,7,True,120
TPLinkCamera,1.0,1,True,120
TPLinkSmartPlug,0.2,,False,120
TPLinkSmartPlug,0.4,,False,120
TPLinkSmartPlug,0.5,,False,120
TPLinkSmartPlug,0.6,,False,120
TPLinkSmartPlug,0.8,3,True,120
TPLinkSmartPlug,1.0,1,True,120
TribySpeaker,0.2,,False,120
TribySpeaker,0.4,,False,120
TribySpeaker,0.5,,False,120
TribySpeaker,0.6,,False,120
TribySpeaker,0.8,30,True,120
TribySpeaker,1.0,3,True,120
WithingsBabyMonitor,0.2,,False,120
WithingsBabyMonitor,0.4,,False,120
WithingsBabyMonitor,0.5,,False,120
WithingsBabyMonitor,0.6,,False,120
WithingsBabyMonitor,0.8,3,True,120
WithingsBabyMonitor,1.0,1,True,120
WithingsSleepSensor,0.2,,False,120
WithingsSleepSensor,0.4,,False,120
WithingsSleepSensor,0.5,,False,120
WithingsSleepSensor,0.6,,False,120
WithingsSleepSensor,0.8,14,True,120
WithingsSleepSensor,1.0,3,True,120
WithingsSmartScale,0.2,,False,120
WithingsSmartScale,0.4,,False,120
WithingsSmartScale,0.5,,False,120
WithingsSmartScale,0.6,60,True,120
WithingsSmartScale,0.8,14,True,120
WithingsSmartScale,1.0,3,True,120
iHome,0.2,,False,120
iHome,0.4,,False,120
iHome,0.5,,False,120
iHome,0.6,,False,120
iHome,0.8,14,True,120
iHome,1.0,1,True,120
