device_type,spread_days,legitimate_accepted,compromise_accepted,legitimate_score,compromise_score,score_gap,separated
AmazonEcho,1,False,False,0.065854,0.065854,0.0,False
AmazonEcho,7,False,False,0.100861,0.100861,0.0,False
AmazonEcho,30,False,False,0.235054,0.235054,0.0,False
AmazonEcho,120,False,False,0.331127,0.331127,0.0,False
AugustDoorBell,1,False,False,0.062565,0.062565,0.0,False
AugustDoorBell,7,False,False,0.077521,0.077521,0.0,False
AugustDoorBell,30,False,False,0.133709,0.133709,0.0,False
AugustDoorBell,120,False,False,0.270042,0.270042,0.0,False
AwairAirQuality,1,False,False,0.070061,0.070061,0.0,False
AwairAirQuality,7,False,False,0.130313,0.130313,0.0,False
AwairAirQuality,30,False,False,0.239991,0.239991,0.0,False
AwairAirQuality,120,False,False,0.315606,0.315606,0.0,False
BelkinCamera,1,False,False,0.077549,0.077549,0.0,False
BelkinCamera,7,False,False,0.149316,0.149316,0.0,False
BelkinCamera,30,False,False,0.247563,0.247563,0.0,False
BelkinCamera,120,False,False,0.312341,0.312341,0.0,False
BelkinWemoMotionSensor,1,False,False,0.06366,0.06366,0.0,False
BelkinWemoMotionSensor,7,False,False,0.083954,0.083954,0.0,False
BelkinWemoMotionSensor,30,False,False,0.140156,0.140156,0.0,False
BelkinWemoMotionSensor,120,False,False,0.235566,0.235566,0.0,False
BelkinWemoSwitch,1,False,False,0.06269,0.06269,0.0,False
BelkinWemoSwitch,7,False,False,0.078713,0.078713,0.0,False
BelkinWemoSwitch,30,False,False,0.134471,0.134471,0.0,False
BelkinWemoSwitch,120,False,False,0.228481,0.228481,0.0,False
BlipCareBPMeter,1,False,False,0.142328,0.142328,0.0,False
BlipCareBPMeter,7,False,False,0.280386,0.280386,0.0,False
BlipCareBPMeter,30,False,False,0.423641,0.423641,0.0,False
BlipCareBPMeter,120,False,False,0.482045,0.482045,0.0,False
CanaryCamera,1,False,False,0.106705,0.106705,0.0,False
CanaryCamera,7,False,False,0.223483,0.223483,0.0,False
CanaryCamera,30,False,False,0.300577,0.300577,0.0,False
CanaryCamera,120,False,False,0.331021,0.331021,0.0,False
HPPrinter,1,False,False,0.064572,0.064572,0.0,False
HPPrinter,7,False,False,0.091239,0.091239,0.0,False
HPPrinter,30,False,False,0.188047,0.188047,0.0,False
HPPrinter,120,False,False,0.380989,0.380989,0.0,False
HelloBarbie,1,False,False,0.108425,0.108425,0.0,False
HelloBarbie,7,False,False,0.249401,0.249401,0.0,False
HelloBarbie,30,False,False,0.359254,0.359254,0.0,False
HelloBarbie,120,False,False,0.412025,0.412025,0.0,False
LiFXBulb,1,False,False,0.063065,0.063065,0.0,False
LiFXBulb,7,False,False,0.080886,0.080886,0.0,False
LiFXBulb,30,False,False,0.14945,0.14945,0.0,False
LiFXBulb,120,False,False,0.257941,0.257941,0.0,False
NestDropCam,1,False,False,0.06316,0.06316,0.0,False
NestDropCam,7,False,False,0.081336,0.081336,0.0,False
NestDropCam,30,False,False,0.143785,0.143785,0.0,False
NestDropCam,120,False,False,0.286444,0.286444,0.0,False
NestProtect,1,False,False,0.062069,0.062069,0.0,False
NestProtect,7,False,False,0.07385,0.07385,0.0,False
NestProtect,30,False,False,0.115567,0.115567,0.0,False
NestProtect,120,False,False,0.224663,0.224663,0.0,False
NetatmoWeatherStation,1,False,False,0.432806,0.432806,0.0,False
NetatmoWeatherStation,7,False,False,0.637806,0.637806,0.0,False
NetatmoWeatherStation,30,False,False,0.682941,0.682941,0.0,False
NetatmoWeatherStation,120,False,False,0.695191,0.695191,0.0,False
NetatmoWelcome,1,False,False,0.062499,0.062499,0.0,False
NetatmoWelcome,7,False,False,0.077375,0.077375,0.0,False
NetatmoWelcome,30,False,False,0.134399,0.134399,0.0,False
NetatmoWelcome,120,False,False,0.282708,0.282708,0.0,False
PhilipsHue,1,False,False,0.063704,0.063704,0.0,False
PhilipsHue,7,False,False,0.084835,0.084835,0.0,False
PhilipsHue,30,False,False,0.142396,0.142396,0.0,False
PhilipsHue,120,False,False,0.235115,0.235115,0.0,False
PixStarPhotoFrame,1,False,False,0.0709,0.0709,0.0,False
PixStarPhotoFrame,7,False,False,0.124024,0.124024,0.0,False
PixStarPhotoFrame,30,False,False,0.218842,0.218842,0.0,False
PixStarPhotoFrame,120,False,False,0.305433,0.305433,0.0,False
RingDoorBell,1,False,False,0.076403,0.076403,0.0,False
RingDoorBell,7,False,False,0.1508,0.1508,0.0,False
RingDoorBell,30,False,False,0.263318,0.263318,0.0,False
RingDoorBell,120,False,False,0.361624,0.361624,0.0,False
SamsungCamera,1,False,False,0.06329,0.06329,0.0,False
SamsungCamera,7,False,False,0.08143,0.08143,0.0,False
SamsungCamera,30,False,False,0.133517,0.133517,0.0,False
SamsungCamera,120,False,False,0.248482,0.248482,0.0,False
SamsungSmartThings,1,False,False,0.062644,0.062644,0.0,False
SamsungSmartThings,7,False,False,0.078395,0.078395,0.0,False
SamsungSmartThings,30,False,False,0.134602,0.134602,0.0,False
SamsungSmartThings,120,False,False,0.246633,0.246633,0.0,False
TPLinkCamera,1,False,False,0.06654,0.06654,0.0,False
TPLinkCamera,7,False,False,0.105662,0.105662,0.0,False
TPLinkCamera,30,False,False,0.187553,0.187553,0.0,False
TPLinkCamera,120,False,False,0.276441,0.276441,0.0,False
TPLinkSmartPlug,1,False,False,0.074773,0.074773,0.0,False
TPLinkSmartPlug,7,False,False,0.163294,0.163294,0.0,False
TPLinkSmartPlug,30,False,False,0.315063,0.315063,0.0,False
TPLinkSmartPlug,120,False,False,0.339675,0.339675,0.0,False
TribySpeaker,1,False,False,0.063134,0.063134,0.0,False
TribySpeaker,7,False,False,0.081822,0.081822,0.0,False
TribySpeaker,30,False,False,0.148547,0.148547,0.0,False
TribySpeaker,120,False,False,0.287473,0.287473,0.0,False
WithingsBabyMonitor,1,False,False,0.077541,0.077541,0.0,False
WithingsBabyMonitor,7,False,False,0.153503,0.153503,0.0,False
WithingsBabyMonitor,30,False,False,0.25157,0.25157,0.0,False
WithingsBabyMonitor,120,False,False,0.313291,0.313291,0.0,False
WithingsSleepSensor,1,False,False,0.063136,0.063136,0.0,False
WithingsSleepSensor,7,False,False,0.081839,0.081839,0.0,False
WithingsSleepSensor,30,False,False,0.135872,0.135872,0.0,False
WithingsSleepSensor,120,False,False,0.247392,0.247392,0.0,False
WithingsSmartScale,1,False,False,0.062144,0.062144,0.0,False
WithingsSmartScale,7,False,False,0.074827,0.074827,0.0,False
WithingsSmartScale,30,False,False,0.122503,0.122503,0.0,False
WithingsSmartScale,120,False,False,0.271661,0.271661,0.0,False
iHome,1,False,False,0.069355,0.069355,0.0,False
iHome,7,False,False,0.114478,0.114478,0.0,False
iHome,30,False,False,0.212807,0.212807,0.0,False
iHome,120,False,False,0.293594,0.293594,0.0,False
