device_type,adoption_fraction,rollout_days,pre_existing_accepted_before,pre_existing_accepted_after,spurious_added,spurious_removed,spurious_churn_total
AmazonEcho,0.6,120,44,15,0,29,29
AugustDoorBell,0.6,120,12,11,0,1,1
AwairAirQuality,0.6,120,7,1,0,6,6
BelkinCamera,0.6,120,5,0,0,5,5
BelkinWemoMotionSensor,0.6,120,0,0,0,0,0
BelkinWemoSwitch,0.6,120,2,0,0,2,2
BlipCareBPMeter,0.6,120,0,0,0,0,0
CanaryCamera,0.6,120,5,1,0,4,4
HPPrinter,0.6,120,0,0,0,0,0
HelloBarbie,0.6,120,2,0,0,2,2
LiFXBulb,0.6,120,151,51,0,100,100
NestDropCam,0.6,120,0,0,0,0,0
NestProtect,0.6,120,0,0,0,0,0
NetatmoWeatherStation,0.6,120,0,0,0,0,0
NetatmoWelcome,0.6,120,12,4,0,8,8
PhilipsHue,0.6,120,39,19,0,20,20
PixStarPhotoFrame,0.6,120,2,1,0,1,1
RingDoorBell,0.6,120,0,0,0,0,0
SamsungCamera,0.6,120,1,1,0,0,0
SamsungSmartThings,0.6,120,42,26,0,16,16
TPLinkCamera,0.6,120,1,1,0,0,0
TPLinkSmartPlug,0.6,120,8,0,0,8,8
TribySpeaker,0.6,120,6,2,0,4,4
WithingsBabyMonitor,0.6,120,1,1,0,0,0
WithingsSleepSensor,0.6,120,3,1,0,2,2
WithingsSmartScale,0.6,120,2,2,0,0,0
iHome,0.6,120,1,1,0,0,0
