device_type,arm,spread_days,n_eligible_sites,accepted,score,site_confidence,temporal_confidence
AmazonEcho,legitimate_isolated,1,10,False,0.065854,0.100032,0.014586
AmazonEcho,compromise_isolated,1,10,False,0.065854,0.100032,0.014586
AmazonEcho,legitimate_isolated,7,10,False,0.100861,0.100032,0.102104
AmazonEcho,compromise_isolated,7,10,False,0.100861,0.100032,0.102104
AmazonEcho,legitimate_isolated,30,10,False,0.235054,0.100032,0.437587
AmazonEcho,compromise_isolated,30,10,False,0.235054,0.100032,0.437587
AmazonEcho,legitimate_isolated,120,10,False,0.331127,0.100032,0.677769
AmazonEcho,compromise_isolated,120,10,False,0.331127,0.100032,0.677769
AugustDoorBell,legitimate_isolated,1,10,False,0.062565,0.100032,0.006364
AugustDoorBell,compromise_isolated,1,10,False,0.062565,0.100032,0.006364
AugustDoorBell,legitimate_isolated,7,10,False,0.077521,0.100032,0.043753
AugustDoorBell,compromise_isolated,7,10,False,0.077521,0.100032,0.043753
AugustDoorBell,legitimate_isolated,30,10,False,0.133709,0.100032,0.184225
AugustDoorBell,compromise_isolated,30,10,False,0.133709,0.100032,0.184225
AugustDoorBell,legitimate_isolated,120,10,False,0.270042,0.100032,0.525056
AugustDoorBell,compromise_isolated,120,10,False,0.270042,0.100032,0.525056
AwairAirQuality,legitimate_isolated,1,10,False,0.070061,0.100032,0.025105
AwairAirQuality,compromise_isolated,1,10,False,0.070061,0.100032,0.025105
AwairAirQuality,legitimate_isolated,7,10,False,0.130313,0.100032,0.175734
AwairAirQuality,compromise_isolated,7,10,False,0.130313,0.100032,0.175734
AwairAirQuality,legitimate_isolated,30,10,False,0.239991,0.100032,0.449928
AwairAirQuality,compromise_isolated,30,10,False,0.239991,0.100032,0.449928
AwairAirQuality,legitimate_isolated,120,10,False,0.315606,0.100032,0.638967
AwairAirQuality,compromise_isolated,120,10,False,0.315606,0.100032,0.638967
BelkinCamera,legitimate_isolated,1,10,False,0.077549,0.100032,0.043824
BelkinCamera,compromise_isolated,1,10,False,0.077549,0.100032,0.043824
BelkinCamera,legitimate_isolated,7,10,False,0.149316,0.100032,0.223242
BelkinCamera,compromise_isolated,7,10,False,0.149316,0.100032,0.223242
BelkinCamera,legitimate_isolated,30,10,False,0.247563,0.100032,0.468859
BelkinCamera,compromise_isolated,30,10,False,0.247563,0.100032,0.468859
BelkinCamera,legitimate_isolated,120,10,False,0.312341,0.100032,0.630804
BelkinCamera,compromise_isolated,120,10,False,0.312341,0.100032,0.630804
BelkinWemoMotionSensor,legitimate_isolated,1,10,False,0.06366,0.100032,0.009102
BelkinWemoMotionSensor,compromise_isolated,1,10,False,0.06366,0.100032,0.009102
BelkinWemoMotionSensor,legitimate_isolated,7,10,False,0.083954,0.100032,0.059836
BelkinWemoMotionSensor,compromise_isolated,7,10,False,0.083954,0.100032,0.059836
BelkinWemoMotionSensor,legitimate_isolated,30,10,False,0.140156,0.100032,0.200343
BelkinWemoMotionSensor,compromise_isolated,30,10,False,0.140156,0.100032,0.200343
BelkinWemoMotionSensor,legitimate_isolated,120,10,False,0.235566,0.100032,0.438866
BelkinWemoMotionSensor,compromise_isolated,120,10,False,0.235566,0.100032,0.438866
BelkinWemoSwitch,legitimate_isolated,1,10,False,0.06269,0.100032,0.006676
BelkinWemoSwitch,compromise_isolated,1,10,False,0.06269,0.100032,0.006676
BelkinWemoSwitch,legitimate_isolated,7,10,False,0.078713,0.100032,0.046734
BelkinWemoSwitch,compromise_isolated,7,10,False,0.078713,0.100032,0.046734
BelkinWemoSwitch,legitimate_isolated,30,10,False,0.134471,0.100032,0.18613
BelkinWemoSwitch,compromise_isolated,30,10,False,0.134471,0.100032,0.18613
BelkinWemoSwitch,legitimate_isolated,120,10,False,0.228481,0.100032,0.421154
BelkinWemoSwitch,compromise_isolated,120,10,False,0.228481,0.100032,0.421154
BlipCareBPMeter,legitimate_isolated,1,6,False,0.142328,0.16718,0.105051
BlipCareBPMeter,compromise_isolated,1,6,False,0.142328,0.16718,0.105051
BlipCareBPMeter,legitimate_isolated,7,6,False,0.280386,0.16718,0.450196
BlipCareBPMeter,compromise_isolated,7,6,False,0.280386,0.16718,0.450196
BlipCareBPMeter,legitimate_isolated,30,6,False,0.423641,0.16718,0.808333
BlipCareBPMeter,compromise_isolated,30,6,False,0.423641,0.16718,0.808333
BlipCareBPMeter,legitimate_isolated,120,6,False,0.482045,0.16718,0.954342
BlipCareBPMeter,compromise_isolated,120,6,False,0.482045,0.16718,0.954342
CanaryCamera,legitimate_isolated,1,10,False,0.106705,0.100032,0.116713
CanaryCamera,compromise_isolated,1,10,False,0.106705,0.100032,0.116713
CanaryCamera,legitimate_isolated,7,10,False,0.223483,0.100032,0.40866
CanaryCamera,compromise_isolated,7,10,False,0.223483,0.100032,0.40866
CanaryCamera,legitimate_isolated,30,10,False,0.300577,0.100032,0.601395
CanaryCamera,compromise_isolated,30,10,False,0.300577,0.100032,0.601395
CanaryCamera,legitimate_isolated,120,10,False,0.331021,0.100032,0.677504
CanaryCamera,compromise_isolated,120,10,False,0.331021,0.100032,0.677504
HPPrinter,legitimate_isolated,1,10,False,0.064572,0.100032,0.011382
HPPrinter,compromise_isolated,1,10,False,0.064572,0.100032,0.011382
HPPrinter,legitimate_isolated,7,10,False,0.091239,0.100032,0.07805
HPPrinter,compromise_isolated,7,10,False,0.091239,0.100032,0.07805
HPPrinter,legitimate_isolated,30,10,False,0.188047,0.100032,0.32007
HPPrinter,compromise_isolated,30,10,False,0.188047,0.100032,0.32007
HPPrinter,legitimate_isolated,120,10,False,0.380989,0.100032,0.802423
HPPrinter,compromise_isolated,120,10,False,0.380989,0.100032,0.802423
HelloBarbie,legitimate_isolated,1,10,False,0.108425,0.100032,0.121014
HelloBarbie,compromise_isolated,1,10,False,0.108425,0.100032,0.121014
HelloBarbie,legitimate_isolated,7,10,False,0.249401,0.100032,0.473455
HelloBarbie,compromise_isolated,7,10,False,0.249401,0.100032,0.473455
HelloBarbie,legitimate_isolated,30,10,False,0.359254,0.100032,0.748087
HelloBarbie,compromise_isolated,30,10,False,0.359254,0.100032,0.748087
HelloBarbie,legitimate_isolated,120,10,False,0.412025,0.100032,0.880014
HelloBarbie,compromise_isolated,120,10,False,0.412025,0.100032,0.880014
LiFXBulb,legitimate_isolated,1,10,False,0.063065,0.100032,0.007614
LiFXBulb,compromise_isolated,1,10,False,0.063065,0.100032,0.007614
LiFXBulb,legitimate_isolated,7,10,False,0.080886,0.100032,0.052168
LiFXBulb,compromise_isolated,7,10,False,0.080886,0.100032,0.052168
LiFXBulb,legitimate_isolated,30,10,False,0.14945,0.100032,0.223576
LiFXBulb,compromise_isolated,30,10,False,0.14945,0.100032,0.223576
LiFXBulb,legitimate_isolated,120,10,False,0.257941,0.100032,0.494804
LiFXBulb,compromise_isolated,120,10,False,0.257941,0.100032,0.494804
NestDropCam,legitimate_isolated,1,10,False,0.06316,0.100032,0.007851
NestDropCam,compromise_isolated,1,10,False,0.06316,0.100032,0.007851
NestDropCam,legitimate_isolated,7,10,False,0.081336,0.100032,0.053292
NestDropCam,compromise_isolated,7,10,False,0.081336,0.100032,0.053292
NestDropCam,legitimate_isolated,30,10,False,0.143785,0.100032,0.209414
NestDropCam,compromise_isolated,30,10,False,0.143785,0.100032,0.209414
NestDropCam,legitimate_isolated,120,10,False,0.286444,0.100032,0.566062
NestDropCam,compromise_isolated,120,10,False,0.286444,0.100032,0.566062
NestProtect,legitimate_isolated,1,10,False,0.062069,0.100032,0.005123
NestProtect,compromise_isolated,1,10,False,0.062069,0.100032,0.005123
NestProtect,legitimate_isolated,7,10,False,0.07385,0.100032,0.034578
NestProtect,compromise_isolated,7,10,False,0.07385,0.100032,0.034578
NestProtect,legitimate_isolated,30,10,False,0.115567,0.100032,0.138868
NestProtect,compromise_isolated,30,10,False,0.115567,0.100032,0.138868
NestProtect,legitimate_isolated,120,10,False,0.224663,0.100032,0.411609
NestProtect,compromise_isolated,120,10,False,0.224663,0.100032,0.411609
NetatmoWeatherStation,legitimate_isolated,1,2,False,0.432806,0.499121,0.333333
NetatmoWeatherStation,compromise_isolated,1,2,False,0.432806,0.499121,0.333333
NetatmoWeatherStation,legitimate_isolated,7,2,False,0.637806,0.499121,0.845833
NetatmoWeatherStation,compromise_isolated,7,2,False,0.637806,0.499121,0.845833
NetatmoWeatherStation,legitimate_isolated,30,2,False,0.682941,0.499121,0.958669
NetatmoWeatherStation,compromise_isolated,30,2,False,0.682941,0.499121,0.958669
NetatmoWeatherStation,legitimate_isolated,120,2,False,0.695191,0.499121,0.989297
NetatmoWeatherStation,compromise_isolated,120,2,False,0.695191,0.499121,0.989297
NetatmoWelcome,legitimate_isolated,1,10,False,0.062499,0.100032,0.006198
NetatmoWelcome,compromise_isolated,1,10,False,0.062499,0.100032,0.006198
NetatmoWelcome,legitimate_isolated,7,10,False,0.077375,0.100032,0.043388
NetatmoWelcome,compromise_isolated,7,10,False,0.077375,0.100032,0.043388
NetatmoWelcome,legitimate_isolated,30,10,False,0.134399,0.100032,0.185948
NetatmoWelcome,compromise_isolated,30,10,False,0.134399,0.100032,0.185948
NetatmoWelcome,legitimate_isolated,120,10,False,0.282708,0.100032,0.556721
NetatmoWelcome,compromise_isolated,120,10,False,0.282708,0.100032,0.556721
PhilipsHue,legitimate_isolated,1,10,False,0.063704,0.100032,0.009213
PhilipsHue,compromise_isolated,1,10,False,0.063704,0.100032,0.009213
PhilipsHue,legitimate_isolated,7,10,False,0.084835,0.100032,0.062039
PhilipsHue,compromise_isolated,7,10,False,0.084835,0.100032,0.062039
PhilipsHue,legitimate_isolated,30,10,False,0.142396,0.100032,0.205942
PhilipsHue,compromise_isolated,30,10,False,0.142396,0.100032,0.205942
PhilipsHue,legitimate_isolated,120,10,False,0.235115,0.100032,0.43774
PhilipsHue,compromise_isolated,120,10,False,0.235115,0.100032,0.43774
PixStarPhotoFrame,legitimate_isolated,1,10,False,0.0709,0.100032,0.027203
PixStarPhotoFrame,compromise_isolated,1,10,False,0.0709,0.100032,0.027203
PixStarPhotoFrame,legitimate_isolated,7,10,False,0.124024,0.100032,0.160011
PixStarPhotoFrame,compromise_isolated,7,10,False,0.124024,0.100032,0.160011
PixStarPhotoFrame,legitimate_isolated,30,10,False,0.218842,0.100032,0.397056
PixStarPhotoFrame,compromise_isolated,30,10,False,0.218842,0.100032,0.397056
PixStarPhotoFrame,legitimate_isolated,120,10,False,0.305433,0.100032,0.613535
PixStarPhotoFrame,compromise_isolated,120,10,False,0.305433,0.100032,0.613535
RingDoorBell,legitimate_isolated,1,10,False,0.076403,0.100032,0.040958
RingDoorBell,compromise_isolated,1,10,False,0.076403,0.100032,0.040958
RingDoorBell,legitimate_isolated,7,10,False,0.1508,0.100032,0.226951
RingDoorBell,compromise_isolated,7,10,False,0.1508,0.100032,0.226951
RingDoorBell,legitimate_isolated,30,10,False,0.263318,0.100032,0.508246
RingDoorBell,compromise_isolated,30,10,False,0.263318,0.100032,0.508246
RingDoorBell,legitimate_isolated,120,10,False,0.361624,0.100032,0.754011
RingDoorBell,compromise_isolated,120,10,False,0.361624,0.100032,0.754011
SamsungCamera,legitimate_isolated,1,10,False,0.06329,0.100032,0.008178
SamsungCamera,compromise_isolated,1,10,False,0.06329,0.100032,0.008178
SamsungCamera,legitimate_isolated,7,10,False,0.08143,0.100032,0.053527
SamsungCamera,compromise_isolated,7,10,False,0.08143,0.100032,0.053527
SamsungCamera,legitimate_isolated,30,10,False,0.133517,0.100032,0.183744
SamsungCamera,compromise_isolated,30,10,False,0.133517,0.100032,0.183744
SamsungCamera,legitimate_isolated,120,10,False,0.248482,0.100032,0.471157
SamsungCamera,compromise_isolated,120,10,False,0.248482,0.100032,0.471157
SamsungSmartThings,legitimate_isolated,1,10,False,0.062644,0.100032,0.006563
SamsungSmartThings,compromise_isolated,1,10,False,0.062644,0.100032,0.006563
SamsungSmartThings,legitimate_isolated,7,10,False,0.078395,0.100032,0.045938
SamsungSmartThings,compromise_isolated,7,10,False,0.078395,0.100032,0.045938
SamsungSmartThings,legitimate_isolated,30,10,False,0.134602,0.100032,0.186456
SamsungSmartThings,compromise_isolated,30,10,False,0.134602,0.100032,0.186456
SamsungSmartThings,legitimate_isolated,120,10,False,0.246633,0.100032,0.466534
SamsungSmartThings,compromise_isolated,120,10,False,0.246633,0.100032,0.466534
TPLinkCamera,legitimate_isolated,1,10,False,0.06654,0.100032,0.016301
TPLinkCamera,compromise_isolated,1,10,False,0.06654,0.100032,0.016301
TPLinkCamera,legitimate_isolated,7,10,False,0.105662,0.100032,0.114106
TPLinkCamera,compromise_isolated,7,10,False,0.105662,0.100032,0.114106
TPLinkCamera,legitimate_isolated,30,10,False,0.187553,0.100032,0.318834
TPLinkCamera,compromise_isolated,30,10,False,0.187553,0.100032,0.318834
TPLinkCamera,legitimate_isolated,120,10,False,0.276441,0.100032,0.541055
TPLinkCamera,compromise_isolated,120,10,False,0.276441,0.100032,0.541055
TPLinkSmartPlug,legitimate_isolated,1,10,False,0.074773,0.100032,0.036884
TPLinkSmartPlug,compromise_isolated,1,10,False,0.074773,0.100032,0.036884
TPLinkSmartPlug,legitimate_isolated,7,10,False,0.163294,0.100032,0.258186
TPLinkSmartPlug,compromise_isolated,7,10,False,0.163294,0.100032,0.258186
TPLinkSmartPlug,legitimate_isolated,30,10,False,0.315063,0.100032,0.63761
TPLinkSmartPlug,compromise_isolated,30,10,False,0.315063,0.100032,0.63761
TPLinkSmartPlug,legitimate_isolated,120,10,False,0.339675,0.100032,0.699139
TPLinkSmartPlug,compromise_isolated,120,10,False,0.339675,0.100032,0.699139
TribySpeaker,legitimate_isolated,1,10,False,0.063134,0.100032,0.007787
TribySpeaker,compromise_isolated,1,10,False,0.063134,0.100032,0.007787
TribySpeaker,legitimate_isolated,7,10,False,0.081822,0.100032,0.054507
TribySpeaker,compromise_isolated,7,10,False,0.081822,0.100032,0.054507
TribySpeaker,legitimate_isolated,30,10,False,0.148547,0.100032,0.22132
TribySpeaker,compromise_isolated,30,10,False,0.148547,0.100032,0.22132
TribySpeaker,legitimate_isolated,120,10,False,0.287473,0.100032,0.568635
TribySpeaker,compromise_isolated,120,10,False,0.287473,0.100032,0.568635
WithingsBabyMonitor,legitimate_isolated,1,10,False,0.077541,0.100032,0.043804
WithingsBabyMonitor,compromise_isolated,1,10,False,0.077541,0.100032,0.043804
WithingsBabyMonitor,legitimate_isolated,7,10,False,0.153503,0.100032,0.233709
WithingsBabyMonitor,compromise_isolated,7,10,False,0.153503,0.100032,0.233709
WithingsBabyMonitor,legitimate_isolated,30,10,False,0.25157,0.100032,0.478876
WithingsBabyMonitor,compromise_isolated,30,10,False,0.25157,0.100032,0.478876
WithingsBabyMonitor,legitimate_isolated,120,10,False,0.313291,0.100032,0.633178
WithingsBabyMonitor,compromise_isolated,120,10,False,0.313291,0.100032,0.633178
WithingsSleepSensor,legitimate_isolated,1,10,False,0.063136,0.100032,0.007793
WithingsSleepSensor,compromise_isolated,1,10,False,0.063136,0.100032,0.007793
WithingsSleepSensor,legitimate_isolated,7,10,False,0.081839,0.100032,0.054548
WithingsSleepSensor,compromise_isolated,7,10,False,0.081839,0.100032,0.054548
WithingsSleepSensor,legitimate_isolated,30,10,False,0.135872,0.100032,0.189632
WithingsSleepSensor,compromise_isolated,30,10,False,0.135872,0.100032,0.189632
WithingsSleepSensor,legitimate_isolated,120,10,False,0.247392,0.100032,0.468432
WithingsSleepSensor,compromise_isolated,120,10,False,0.247392,0.100032,0.468432
WithingsSmartScale,legitimate_isolated,1,10,False,0.062144,0.100032,0.005312
WithingsSmartScale,compromise_isolated,1,10,False,0.062144,0.100032,0.005312
WithingsSmartScale,legitimate_isolated,7,10,False,0.074827,0.100032,0.037018
WithingsSmartScale,compromise_isolated,7,10,False,0.074827,0.100032,0.037018
WithingsSmartScale,legitimate_isolated,30,10,False,0.122503,0.100032,0.156209
WithingsSmartScale,compromise_isolated,30,10,False,0.122503,0.100032,0.156209
WithingsSmartScale,legitimate_isolated,120,10,False,0.271661,0.100032,0.529103
WithingsSmartScale,compromise_isolated,120,10,False,0.271661,0.100032,0.529103
iHome,legitimate_isolated,1,10,False,0.069355,0.100032,0.023338
iHome,compromise_isolated,1,10,False,0.069355,0.100032,0.023338
iHome,legitimate_isolated,7,10,False,0.114478,0.100032,0.136146
iHome,compromise_isolated,7,10,False,0.114478,0.100032,0.136146
iHome,legitimate_isolated,30,10,False,0.212807,0.100032,0.381969
iHome,compromise_isolated,30,10,False,0.212807,0.100032,0.381969
iHome,legitimate_isolated,120,10,False,0.293594,0.100032,0.583937
iHome,compromise_isolated,120,10,False,0.293594,0.100032,0.583937
