site_count,quorum,accepted_facts,matched_reference_aces,macro_full_profile_recall,observable_macro_ceiling,observable_retention_pct,seed
2,1,454,39,0.087859,0.124485,70.58,42
2,2,454,39,0.087859,0.124485,70.58,42
3,1,443,36,0.078633,0.124485,63.17,42
3,2,443,36,0.078633,0.124485,63.17,42
3,3,443,36,0.078633,0.124485,63.17,42
5,1,415,37,0.083097,0.124485,66.75,42
5,2,415,37,0.083097,0.124485,66.75,42
5,3,415,37,0.083097,0.124485,66.75,42
5,5,411,36,0.078633,0.124485,63.17,42
10,1,346,36,0.078633,0.124485,63.17,42
10,2,346,36,0.078633,0.124485,63.17,42
10,3,346,36,0.078633,0.124485,63.17,42
10,5,346,36,0.078633,0.124485,63.17,42
