seed,dib_day0_f1,local_only_30day_f1,dib_plus_30day_local_f1,ratio_dib_day0_over_local_30day
0,0.111827,0.021727,0.114514,5.14683
1,0.10987,0.021144,0.113144,5.196174
2,0.113349,0.020373,0.114765,5.563782
3,0.113294,0.030083,0.116426,3.765994
4,0.113646,0.020561,0.116197,5.527257
5,0.11376,0.018886,0.114573,6.023384
6,0.11162,0.015416,0.113018,7.240704
7,0.108936,0.026318,0.113056,4.139243
8,0.108089,0.020272,0.11066,5.332044
9,0.112043,0.025547,0.11464,4.385829
10,0.112719,0.026209,0.114947,4.300762
11,0.113253,0.025374,0.115456,4.463349
12,0.112873,0.017132,0.115039,6.588416
13,0.113434,0.031942,0.117092,3.55121
14,0.113331,0.021542,0.115331,5.260919
15,0.111293,0.021002,0.113582,5.299227
16,0.113368,0.010892,0.114409,10.408472
17,0.113018,0.021457,0.115345,5.267314
18,0.107913,0.014909,0.109229,7.238083
19,0.112028,0.024613,0.114599,4.551553
