padding_fraction,padding_per_sybil,real_endpoint_pool,sybil_site_count,spread_days,target_device_type,fake_score_vanilla,fake_accepted_vanilla,legit_accepted_vanilla,fake_score_trust,fake_accepted_trust,legit_accepted_trust,fake_score_independence,fake_accepted_independence,legit_accepted_independence,sybil_clusters,largest_sybil_cluster,mean_pairwise_jaccard,jaccard_pairs_sampled,jaccard_sybil_population,similarity_threshold,mean_sybil_trust_weight
0.0,0,20,3200,400,AugustDoorBell,0.933142,True,0,0.53765,False,0,0.455012,False,0,1,3200,1.0,5118400,3200,0.6,0.001594
0.0,0,20,3200,400,AugustDoorBell,0.933142,True,0,0.53765,False,0,0.389557,False,0,1,3200,1.0,5118400,3200,0.7,0.001594
0.0,0,20,3200,400,AugustDoorBell,0.933142,True,0,0.53765,False,0,0.389557,False,0,1,3200,1.0,5118400,3200,0.8,0.001594
0.0,0,20,3200,400,AugustDoorBell,0.933142,True,0,0.53765,False,0,0.389557,False,0,1,3200,1.0,5118400,3200,0.9,0.001594
0.0,0,20,3200,400,AugustDoorBell,0.933142,True,0,0.53765,False,0,0.389557,False,0,1,3200,1.0,5118400,3200,0.95,0.001594
0.1,2,20,3200,400,AugustDoorBell,0.932877,True,0,0.697581,True,0,0.922375,True,0,190,28,0.26112,5118400,3200,0.6,0.004781
0.1,2,20,3200,400,AugustDoorBell,0.932877,True,0,0.697581,True,0,0.904747,True,0,190,28,0.26112,5118400,3200,0.7,0.004781
0.1,2,20,3200,400,AugustDoorBell,0.932877,True,0,0.697581,True,0,0.904747,True,0,190,28,0.26112,5118400,3200,0.8,0.004781
0.1,2,20,3200,400,AugustDoorBell,0.932877,True,0,0.697581,True,0,0.904747,True,0,190,28,0.26112,5118400,3200,0.9,0.004781
0.1,2,20,3200,400,AugustDoorBell,0.932877,True,0,0.697581,True,0,0.904747,True,0,190,28,0.26112,5118400,3200,0.95,0.004781
0.25,5,20,3200,400,AugustDoorBell,0.932483,True,0,0.78656,True,0,0.454352,False,7,1,3200,0.240944,5118400,3200,0.6,0.009562
0.25,5,20,3200,400,AugustDoorBell,0.932483,True,0,0.78656,True,0,0.388898,False,7,1,3200,0.240944,5118400,3200,0.7,0.009562
0.25,5,20,3200,400,AugustDoorBell,0.932483,True,0,0.78656,True,0,0.932275,True,0,2879,4,0.240944,5118400,3200,0.8,0.009562
0.25,5,20,3200,400,AugustDoorBell,0.932483,True,0,0.78656,True,0,0.932275,True,0,2879,4,0.240944,5118400,3200,0.9,0.009562
0.25,5,20,3200,400,AugustDoorBell,0.932483,True,0,0.78656,True,0,0.932275,True,0,2879,4,0.240944,5118400,3200,0.95,0.009562
0.5,10,20,3200,400,AugustDoorBell,0.931835,True,0,0.842926,True,0,0.453704,False,7,1,3200,0.382146,5118400,3200,0.6,0.01753
0.5,10,20,3200,400,AugustDoorBell,0.931835,True,0,0.842926,True,0,0.926241,True,0,794,1785,0.382146,5118400,3200,0.7,0.01753
0.5,10,20,3200,400,AugustDoorBell,0.931835,True,0,0.842926,True,0,0.926241,True,0,794,1785,0.382146,5118400,3200,0.8,0.01753
0.5,10,20,3200,400,AugustDoorBell,0.931835,True,0,0.842926,True,0,0.931821,True,0,3177,2,0.382146,5118400,3200,0.9,0.01753
0.5,10,20,3200,400,AugustDoorBell,0.931835,True,0,0.842926,True,0,0.931821,True,0,3177,2,0.382146,5118400,3200,0.95,0.01753
