alpha,beta,theta,admitted_endpoint_count,precision,recall,f1
0.4,0.6,0.65,16,0.08631,0.022321,0.035034
0.45,0.55,0.65,20,0.122024,0.029464,0.046939
0.5,0.5,0.65,24,0.130357,0.030952,0.049484
0.55,0.45,0.65,24,0.130357,0.030952,0.049484
0.6,0.4,0.65,26,0.125,0.034524,0.053799
0.65,0.35,0.65,38,0.138095,0.043452,0.064992
0.7,0.3,0.65,38,0.138095,0.043452,0.064992
0.75,0.25,0.65,38,0.138095,0.043452,0.064992
0.8,0.2,0.65,38,0.138095,0.043452,0.064992
0.85,0.15,0.65,44,0.145779,0.047917,0.071327
0.9,0.1,0.65,44,0.145779,0.047917,0.071327
