theta,alpha,beta,admitted_endpoint_count,precision,recall,f1
0.5,0.6,0.4,43,0.145238,0.047917,0.071208
0.525,0.6,0.4,41,0.143452,0.045685,0.068317
0.55,0.6,0.4,38,0.138095,0.043452,0.064992
0.575,0.6,0.4,38,0.138095,0.043452,0.064992
0.6,0.6,0.4,38,0.138095,0.043452,0.064992
0.625,0.6,0.4,38,0.138095,0.043452,0.064992
0.65,0.6,0.4,26,0.125,0.034524,0.053799
0.675,0.6,0.4,26,0.125,0.034524,0.053799
0.7,0.6,0.4,24,0.130357,0.030952,0.049484
0.725,0.6,0.4,22,0.129464,0.030952,0.049428
0.75,0.6,0.4,20,0.122024,0.029464,0.046939
0.775,0.6,0.4,14,0.089286,0.022321,0.035204
0.8,0.6,0.4,12,0.098214,0.022321,0.0354
