alpha,beta,theta,malicious_fraction,theoretical_bound,margin,provably_safe
0.4,0.6,0.65,0.3,0.72,-0.07,False
0.4,0.6,0.65,0.5,0.8,-0.15,False
0.45,0.55,0.65,0.3,0.685,-0.035,False
0.45,0.55,0.65,0.5,0.775,-0.125,False
0.5,0.5,0.65,0.3,0.65,0.0,False
0.5,0.5,0.65,0.5,0.75,-0.1,False
0.55,0.45,0.65,0.3,0.615,0.035,True
0.55,0.45,0.65,0.5,0.725,-0.075,False
0.6,0.4,0.65,0.3,0.58,0.07,True
0.6,0.4,0.65,0.5,0.7,-0.05,False
0.65,0.35,0.65,0.3,0.545,0.105,True
0.65,0.35,0.65,0.5,0.675,-0.025,False
0.7,0.3,0.65,0.3,0.51,0.14,True
0.7,0.3,0.65,0.5,0.65,0.0,False
0.75,0.25,0.65,0.3,0.475,0.175,True
0.75,0.25,0.65,0.5,0.625,0.025,True
0.8,0.2,0.65,0.3,0.44,0.21,True
0.8,0.2,0.65,0.5,0.6,0.05,True
0.85,0.15,0.65,0.3,0.405,0.245,True
0.85,0.15,0.65,0.5,0.575,0.075,True
0.9,0.1,0.65,0.3,0.37,0.28,True
0.9,0.1,0.65,0.5,0.55,0.1,True
