device_type,strategy,policy_scope,k,spread_days,site_count,malicious_endpoint_count,malicious_admission_rate,benign_exceptions_per_site,benign_f1
BelkinWemoMotionSensor,local_only,per_real_site_mean,0,1,10,2,0.0,0.0,0.171014
BelkinWemoMotionSensor,pooled_union,global_registry,0,1,10,2,0.0,0.0,0.166667
BelkinWemoMotionSensor,majority_registry,global_registry,0,1,10,2,0.0,0.4,0.173913
BelkinWemoMotionSensor,frequency_filtered_registry,global_registry,0,1,10,2,0.0,0.0,0.166667
BelkinWemoMotionSensor,reputation_weighted_voting,global_registry,0,1,10,2,0.0,0.4,0.173913
BelkinWemoMotionSensor,dib_vanilla,global_registry,0,1,10,2,0.0,6.0,0.0
BelkinWemoMotionSensor,dib_trust_weighted,global_registry,0,1,10,2,0.0,6.0,0.0
BelkinWemoMotionSensor,dib_independence_aware,global_registry,0,1,10,2,0.0,6.0,0.0
BelkinWemoMotionSensor,local_only,per_real_site_mean,1,1,10,2,0.1,0.0,0.169623
BelkinWemoMotionSensor,pooled_union,global_registry,1,1,10,2,1.0,0.0,0.153846
BelkinWemoMotionSensor,majority_registry,global_registry,1,1,10,2,0.0,0.4,0.173913
BelkinWemoMotionSensor,frequency_filtered_registry,global_registry,1,1,10,2,1.0,0.0,0.153846
BelkinWemoMotionSensor,reputation_weighted_voting,global_registry,1,1,10,2,0.0,0.4,0.173913
BelkinWemoMotionSensor,dib_vanilla,global_registry,1,1,10,2,0.0,6.0,0.0
BelkinWemoMotionSensor,dib_trust_weighted,global_registry,1,1,10,2,0.0,6.0,0.0
BelkinWemoMotionSensor,dib_independence_aware,global_registry,1,1,10,2,0.0,6.0,0.0
BelkinWemoMotionSensor,local_only,per_real_site_mean,2,1,10,2,0.2,0.0,0.168341
BelkinWemoMotionSensor,pooled_union,global_registry,2,1,10,2,1.0,0.0,0.153846
BelkinWemoMotionSensor,majority_registry,global_registry,2,1,10,2,0.0,0.4,0.173913
BelkinWemoMotionSensor,frequency_filtered_registry,global_registry,2,1,10,2,1.0,0.0,0.153846
BelkinWemoMotionSensor,reputation_weighted_voting,global_registry,2,1,10,2,0.0,0.4,0.173913
BelkinWemoMotionSensor,dib_vanilla,global_registry,2,1,10,2,0.0,6.0,0.0
BelkinWemoMotionSensor,dib_trust_weighted,global_registry,2,1,10,2,0.0,6.0,0.0
BelkinWemoMotionSensor,dib_independence_aware,global_registry,2,1,10,2,0.0,6.0,0.0
BelkinWemoMotionSensor,local_only,per_real_site_mean,3,1,10,2,0.3,0.0,0.16695
BelkinWemoMotionSensor,pooled_union,global_registry,3,1,10,2,1.0,0.0,0.153846
BelkinWemoMotionSensor,majority_registry,global_registry,3,1,10,2,0.0,0.4,0.173913
BelkinWemoMotionSensor,frequency_filtered_registry,global_registry,3,1,10,2,1.0,0.0,0.153846
BelkinWemoMotionSensor,reputation_weighted_voting,global_registry,3,1,10,2,0.0,0.4,0.173913
BelkinWemoMotionSensor,dib_vanilla,global_registry,3,1,10,2,0.0,6.0,0.0
BelkinWemoMotionSensor,dib_trust_weighted,global_registry,3,1,10,2,0.0,6.0,0.0
BelkinWemoMotionSensor,dib_independence_aware,global_registry,3,1,10,2,0.0,6.0,0.0
BelkinWemoMotionSensor,local_only,per_real_site_mean,4,1,10,2,0.4,0.0,0.165559
BelkinWemoMotionSensor,pooled_union,global_registry,4,1,10,2,1.0,0.0,0.153846
BelkinWemoMotionSensor,majority_registry,global_registry,4,1,10,2,0.0,0.4,0.173913
BelkinWemoMotionSensor,frequency_filtered_registry,global_registry,4,1,10,2,1.0,0.0,0.153846
BelkinWemoMotionSensor,reputation_weighted_voting,global_registry,4,1,10,2,0.0,0.4,0.173913
BelkinWemoMotionSensor,dib_vanilla,global_registry,4,1,10,2,0.0,6.0,0.0
BelkinWemoMotionSensor,dib_trust_weighted,global_registry,4,1,10,2,0.0,6.0,0.0
BelkinWemoMotionSensor,dib_independence_aware,global_registry,4,1,10,2,0.0,6.0,0.0
BelkinWemoMotionSensor,local_only,per_real_site_mean,5,1,10,2,0.5,0.0,0.164167
BelkinWemoMotionSensor,pooled_union,global_registry,5,1,10,2,1.0,0.0,0.153846
BelkinWemoMotionSensor,majority_registry,global_registry,5,1,10,2,1.0,0.4,0.16
BelkinWemoMotionSensor,frequency_filtered_registry,global_registry,5,1,10,2,1.0,0.0,0.153846
BelkinWemoMotionSensor,reputation_weighted_voting,global_registry,5,1,10,2,0.0,0.4,0.173913
BelkinWemoMotionSensor,dib_vanilla,global_registry,5,1,10,2,0.0,6.0,0.0
BelkinWemoMotionSensor,dib_trust_weighted,global_registry,5,1,10,2,0.0,6.0,0.0
BelkinWemoMotionSensor,dib_independence_aware,global_registry,5,1,10,2,0.0,6.0,0.0
BelkinWemoMotionSensor,local_only,per_real_site_mean,6,1,10,2,0.6,0.0,0.162885
BelkinWemoMotionSensor,pooled_union,global_registry,6,1,10,2,1.0,0.0,0.153846
BelkinWemoMotionSensor,majority_registry,global_registry,6,1,10,2,1.0,0.4,0.16
BelkinWemoMotionSensor,frequency_filtered_registry,global_registry,6,1,10,2,1.0,0.0,0.153846
BelkinWemoMotionSensor,reputation_weighted_voting,global_registry,6,1,10,2,1.0,0.4,0.16
BelkinWemoMotionSensor,dib_vanilla,global_registry,6,1,10,2,0.0,6.0,0.0
BelkinWemoMotionSensor,dib_trust_weighted,global_registry,6,1,10,2,0.0,6.0,0.0
BelkinWemoMotionSensor,dib_independence_aware,global_registry,6,1,10,2,0.0,6.0,0.0
BelkinWemoMotionSensor,local_only,per_real_site_mean,7,1,10,2,0.7,0.0,0.161494
BelkinWemoMotionSensor,pooled_union,global_registry,7,1,10,2,1.0,0.0,0.153846
BelkinWemoMotionSensor,majority_registry,global_registry,7,1,10,2,1.0,0.4,0.16
BelkinWemoMotionSensor,frequency_filtered_registry,global_registry,7,1,10,2,1.0,0.0,0.153846
BelkinWemoMotionSensor,reputation_weighted_voting,global_registry,7,1,10,2,1.0,0.4,0.16
BelkinWemoMotionSensor,dib_vanilla,global_registry,7,1,10,2,0.0,6.0,0.0
BelkinWemoMotionSensor,dib_trust_weighted,global_registry,7,1,10,2,0.0,6.0,0.0
BelkinWemoMotionSensor,dib_independence_aware,global_registry,7,1,10,2,0.0,6.0,0.0
BelkinWemoMotionSensor,local_only,per_real_site_mean,8,1,10,2,0.8,0.0,0.160212
BelkinWemoMotionSensor,pooled_union,global_registry,8,1,10,2,1.0,0.0,0.153846
BelkinWemoMotionSensor,majority_registry,global_registry,8,1,10,2,1.0,0.4,0.16
BelkinWemoMotionSensor,frequency_filtered_registry,global_registry,8,1,10,2,1.0,0.0,0.153846
BelkinWemoMotionSensor,reputation_weighted_voting,global_registry,8,1,10,2,1.0,0.4,0.16
BelkinWemoMotionSensor,dib_vanilla,global_registry,8,1,10,2,0.0,6.0,0.0
BelkinWemoMotionSensor,dib_trust_weighted,global_registry,8,1,10,2,0.0,6.0,0.0
BelkinWemoMotionSensor,dib_independence_aware,global_registry,8,1,10,2,0.0,6.0,0.0
BelkinWemoMotionSensor,local_only,per_real_site_mean,9,1,10,2,0.9,0.0,0.15893
BelkinWemoMotionSensor,pooled_union,global_registry,9,1,10,2,1.0,0.0,0.153846
BelkinWemoMotionSensor,majority_registry,global_registry,9,1,10,2,1.0,0.4,0.16
BelkinWemoMotionSensor,frequency_filtered_registry,global_registry,9,1,10,2,1.0,0.0,0.153846
BelkinWemoMotionSensor,reputation_weighted_voting,global_registry,9,1,10,2,1.0,0.4,0.16
BelkinWemoMotionSensor,dib_vanilla,global_registry,9,1,10,2,0.0,6.0,0.0
BelkinWemoMotionSensor,dib_trust_weighted,global_registry,9,1,10,2,0.0,6.0,0.0
BelkinWemoMotionSensor,dib_independence_aware,global_registry,9,1,10,2,0.0,6.0,0.0
BelkinWemoMotionSensor,local_only,per_real_site_mean,10,1,10,2,1.0,0.0,0.157538
BelkinWemoMotionSensor,pooled_union,global_registry,10,1,10,2,1.0,0.0,0.153846
BelkinWemoMotionSensor,majority_registry,global_registry,10,1,10,2,1.0,0.4,0.16
BelkinWemoMotionSensor,frequency_filtered_registry,global_registry,10,1,10,2,1.0,0.0,0.153846
BelkinWemoMotionSensor,reputation_weighted_voting,global_registry,10,1,10,2,1.0,0.4,0.16
BelkinWemoMotionSensor,dib_vanilla,global_registry,10,1,10,2,0.0,6.0,0.0
BelkinWemoMotionSensor,dib_trust_weighted,global_registry,10,1,10,2,0.0,6.0,0.0
BelkinWemoMotionSensor,dib_independence_aware,global_registry,10,1,10,2,0.0,6.0,0.0
BelkinWemoSwitch,local_only,per_real_site_mean,0,1,10,2,0.0,0.0,0.087051
BelkinWemoSwitch,pooled_union,global_registry,0,1,10,2,0.0,0.0,0.076923
BelkinWemoSwitch,majority_registry,global_registry,0,1,10,2,0.0,0.5,0.086957
BelkinWemoSwitch,frequency_filtered_registry,global_registry,0,1,10,2,0.0,0.2,0.083333
BelkinWemoSwitch,reputation_weighted_voting,global_registry,0,1,10,2,0.0,1.0,0.090909
BelkinWemoSwitch,dib_vanilla,global_registry,0,1,10,2,0.0,5.0,0.111111
BelkinWemoSwitch,dib_trust_weighted,global_registry,0,1,10,2,0.0,5.0,0.111111
BelkinWemoSwitch,dib_independence_aware,global_registry,0,1,10,2,0.0,5.0,0.111111
BelkinWemoSwitch,local_only,per_real_site_mean,1,1,10,2,0.1,0.0,0.086459
BelkinWemoSwitch,pooled_union,global_registry,1,1,10,2,1.0,0.0,0.071429
BelkinWemoSwitch,majority_registry,global_registry,1,1,10,2,0.0,0.5,0.086957
BelkinWemoSwitch,frequency_filtered_registry,global_registry,1,1,10,2,1.0,0.2,0.076923
BelkinWemoSwitch,reputation_weighted_voting,global_registry,1,1,10,2,0.0,1.0,0.090909
BelkinWemoSwitch,dib_vanilla,global_registry,1,1,10,2,0.0,5.0,0.111111
BelkinWemoSwitch,dib_trust_weighted,global_registry,1,1,10,2,0.0,5.0,0.111111
BelkinWemoSwitch,dib_independence_aware,global_registry,1,1,10,2,0.0,5.0,0.111111
BelkinWemoSwitch,local_only,per_real_site_mean,2,1,10,2,0.2,0.0,0.085763
BelkinWemoSwitch,pooled_union,global_registry,2,1,10,2,1.0,0.0,0.071429
BelkinWemoSwitch,majority_registry,global_registry,2,1,10,2,0.0,0.5,0.086957
BelkinWemoSwitch,frequency_filtered_registry,global_registry,2,1,10,2,1.0,0.2,0.076923
BelkinWemoSwitch,reputation_weighted_voting,global_registry,2,1,10,2,0.0,1.0,0.090909
BelkinWemoSwitch,dib_vanilla,global_registry,2,1,10,2,0.0,5.0,0.111111
BelkinWemoSwitch,dib_trust_weighted,global_registry,2,1,10,2,0.0,5.0,0.111111
BelkinWemoSwitch,dib_independence_aware,global_registry,2,1,10,2,0.0,5.0,0.111111
BelkinWemoSwitch,local_only,per_real_site_mean,3,1,10,2,0.3,0.0,0.085006
BelkinWemoSwitch,pooled_union,global_registry,3,1,10,2,1.0,0.0,0.071429
BelkinWemoSwitch,majority_registry,global_registry,3,1,10,2,0.0,0.5,0.086957
BelkinWemoSwitch,frequency_filtered_registry,global_registry,3,1,10,2,1.0,0.2,0.076923
BelkinWemoSwitch,reputation_weighted_voting,global_registry,3,1,10,2,0.0,1.0,0.090909
BelkinWemoSwitch,dib_vanilla,global_registry,3,1,10,2,0.0,5.0,0.111111
BelkinWemoSwitch,dib_trust_weighted,global_registry,3,1,10,2,0.0,5.0,0.111111
BelkinWemoSwitch,dib_independence_aware,global_registry,3,1,10,2,0.0,5.0,0.111111
BelkinWemoSwitch,local_only,per_real_site_mean,4,1,10,2,0.4,0.0,0.08431
BelkinWemoSwitch,pooled_union,global_registry,4,1,10,2,1.0,0.0,0.071429
BelkinWemoSwitch,majority_registry,global_registry,4,1,10,2,0.0,0.5,0.086957
BelkinWemoSwitch,frequency_filtered_registry,global_registry,4,1,10,2,1.0,0.2,0.076923
BelkinWemoSwitch,reputation_weighted_voting,global_registry,4,1,10,2,0.0,1.0,0.090909
BelkinWemoSwitch,dib_vanilla,global_registry,4,1,10,2,0.0,5.0,0.111111
BelkinWemoSwitch,dib_trust_weighted,global_registry,4,1,10,2,0.0,5.0,0.111111
BelkinWemoSwitch,dib_independence_aware,global_registry,4,1,10,2,0.0,5.0,0.111111
BelkinWemoSwitch,local_only,per_real_site_mean,5,1,10,2,0.5,0.0,0.083614
BelkinWemoSwitch,pooled_union,global_registry,5,1,10,2,1.0,0.0,0.071429
BelkinWemoSwitch,majority_registry,global_registry,5,1,10,2,1.0,0.5,0.08
BelkinWemoSwitch,frequency_filtered_registry,global_registry,5,1,10,2,1.0,0.2,0.076923
BelkinWemoSwitch,reputation_weighted_voting,global_registry,5,1,10,2,0.0,1.0,0.090909
BelkinWemoSwitch,dib_vanilla,global_registry,5,1,10,2,0.0,5.0,0.111111
BelkinWemoSwitch,dib_trust_weighted,global_registry,5,1,10,2,0.0,5.0,0.111111
BelkinWemoSwitch,dib_independence_aware,global_registry,5,1,10,2,0.0,5.0,0.111111
BelkinWemoSwitch,local_only,per_real_site_mean,6,1,10,2,0.6,0.0,0.082919
BelkinWemoSwitch,pooled_union,global_registry,6,1,10,2,1.0,0.0,0.071429
BelkinWemoSwitch,majority_registry,global_registry,6,1,10,2,1.0,0.5,0.08
BelkinWemoSwitch,frequency_filtered_registry,global_registry,6,1,10,2,1.0,0.2,0.076923
BelkinWemoSwitch,reputation_weighted_voting,global_registry,6,1,10,2,1.0,1.0,0.083333
BelkinWemoSwitch,dib_vanilla,global_registry,6,1,10,2,0.0,5.0,0.111111
BelkinWemoSwitch,dib_trust_weighted,global_registry,6,1,10,2,0.0,5.0,0.111111
BelkinWemoSwitch,dib_independence_aware,global_registry,6,1,10,2,0.0,5.0,0.111111
BelkinWemoSwitch,local_only,per_real_site_mean,7,1,10,2,0.7,0.0,0.082161
BelkinWemoSwitch,pooled_union,global_registry,7,1,10,2,1.0,0.0,0.071429
BelkinWemoSwitch,majority_registry,global_registry,7,1,10,2,1.0,0.5,0.08
BelkinWemoSwitch,frequency_filtered_registry,global_registry,7,1,10,2,1.0,0.2,0.076923
BelkinWemoSwitch,reputation_weighted_voting,global_registry,7,1,10,2,1.0,1.0,0.083333
BelkinWemoSwitch,dib_vanilla,global_registry,7,1,10,2,0.0,5.0,0.111111
BelkinWemoSwitch,dib_trust_weighted,global_registry,7,1,10,2,0.0,5.0,0.111111
BelkinWemoSwitch,dib_independence_aware,global_registry,7,1,10,2,0.0,5.0,0.111111
BelkinWemoSwitch,local_only,per_real_site_mean,8,1,10,2,0.8,0.0,0.081465
BelkinWemoSwitch,pooled_union,global_registry,8,1,10,2,1.0,0.0,0.071429
BelkinWemoSwitch,majority_registry,global_registry,8,1,10,2,1.0,0.5,0.08
BelkinWemoSwitch,frequency_filtered_registry,global_registry,8,1,10,2,1.0,0.2,0.076923
BelkinWemoSwitch,reputation_weighted_voting,global_registry,8,1,10,2,1.0,1.0,0.083333
BelkinWemoSwitch,dib_vanilla,global_registry,8,1,10,2,0.0,5.0,0.111111
BelkinWemoSwitch,dib_trust_weighted,global_registry,8,1,10,2,0.0,5.0,0.111111
BelkinWemoSwitch,dib_independence_aware,global_registry,8,1,10,2,0.0,5.0,0.111111
BelkinWemoSwitch,local_only,per_real_site_mean,9,1,10,2,0.9,0.0,0.08077
BelkinWemoSwitch,pooled_union,global_registry,9,1,10,2,1.0,0.0,0.071429
BelkinWemoSwitch,majority_registry,global_registry,9,1,10,2,1.0,0.5,0.08
BelkinWemoSwitch,frequency_filtered_registry,global_registry,9,1,10,2,1.0,0.2,0.076923
BelkinWemoSwitch,reputation_weighted_voting,global_registry,9,1,10,2,1.0,1.0,0.083333
BelkinWemoSwitch,dib_vanilla,global_registry,9,1,10,2,0.0,5.0,0.111111
BelkinWemoSwitch,dib_trust_weighted,global_registry,9,1,10,2,0.0,5.0,0.111111
BelkinWemoSwitch,dib_independence_aware,global_registry,9,1,10,2,0.0,5.0,0.111111
BelkinWemoSwitch,local_only,per_real_site_mean,10,1,10,2,1.0,0.0,0.080074
BelkinWemoSwitch,pooled_union,global_registry,10,1,10,2,1.0,0.0,0.071429
BelkinWemoSwitch,majority_registry,global_registry,10,1,10,2,1.0,0.5,0.08
BelkinWemoSwitch,frequency_filtered_registry,global_registry,10,1,10,2,1.0,0.2,0.076923
BelkinWemoSwitch,reputation_weighted_voting,global_registry,10,1,10,2,1.0,1.0,0.083333
BelkinWemoSwitch,dib_vanilla,global_registry,10,1,10,2,0.0,5.0,0.111111
BelkinWemoSwitch,dib_trust_weighted,global_registry,10,1,10,2,0.0,5.0,0.111111
BelkinWemoSwitch,dib_independence_aware,global_registry,10,1,10,2,0.0,5.0,0.111111
NetatmoWelcome,local_only,per_real_site_mean,0,1,10,26,0.0,0.0,0.020682
NetatmoWelcome,pooled_union,global_registry,0,1,10,26,0.0,0.0,0.012987
NetatmoWelcome,majority_registry,global_registry,0,1,10,26,0.0,14.0,0.022472
NetatmoWelcome,frequency_filtered_registry,global_registry,0,1,10,26,0.0,5.2,0.018018
NetatmoWelcome,reputation_weighted_voting,global_registry,0,1,10,26,0.0,14.5,0.022727
NetatmoWelcome,dib_vanilla,global_registry,0,1,10,26,0.0,68.9,0.054054
NetatmoWelcome,dib_trust_weighted,global_registry,0,1,10,26,0.0,68.9,0.054054
NetatmoWelcome,dib_independence_aware,global_registry,0,1,10,26,0.0,68.9,0.054054
NetatmoWelcome,local_only,per_real_site_mean,1,1,10,26,0.1,0.0,0.020238
NetatmoWelcome,pooled_union,global_registry,1,1,10,26,1.0,0.0,0.011111
NetatmoWelcome,majority_registry,global_registry,1,1,10,26,0.0,14.0,0.022472
NetatmoWelcome,frequency_filtered_registry,global_registry,1,1,10,26,0.115385,5.2,0.017544
NetatmoWelcome,reputation_weighted_voting,global_registry,1,1,10,26,0.0,14.5,0.022727
NetatmoWelcome,dib_vanilla,global_registry,1,1,10,26,0.0,69.9,0.055556
NetatmoWelcome,dib_trust_weighted,global_registry,1,1,10,26,0.0,69.9,0.055556
NetatmoWelcome,dib_independence_aware,global_registry,1,1,10,26,0.0,69.9,0.055556
NetatmoWelcome,local_only,per_real_site_mean,2,1,10,26,0.2,0.0,0.019786
NetatmoWelcome,pooled_union,global_registry,2,1,10,26,1.0,0.0,0.011111
NetatmoWelcome,majority_registry,global_registry,2,1,10,26,0.0,14.0,0.022472
NetatmoWelcome,frequency_filtered_registry,global_registry,2,1,10,26,1.0,5.2,0.014599
NetatmoWelcome,reputation_weighted_voting,global_registry,2,1,10,26,0.0,14.5,0.022727
NetatmoWelcome,dib_vanilla,global_registry,2,1,10,26,0.0,69.9,0.055556
NetatmoWelcome,dib_trust_weighted,global_registry,2,1,10,26,0.0,69.9,0.055556
NetatmoWelcome,dib_independence_aware,global_registry,2,1,10,26,0.0,69.9,0.055556
NetatmoWelcome,local_only,per_real_site_mean,3,1,10,26,0.3,0.0,0.019342
NetatmoWelcome,pooled_union,global_registry,3,1,10,26,1.0,0.0,0.011111
NetatmoWelcome,majority_registry,global_registry,3,1,10,26,0.0,14.0,0.022472
NetatmoWelcome,frequency_filtered_registry,global_registry,3,1,10,26,1.0,5.2,0.014599
NetatmoWelcome,reputation_weighted_voting,global_registry,3,1,10,26,0.0,14.5,0.022727
NetatmoWelcome,dib_vanilla,global_registry,3,1,10,26,0.0,69.9,0.055556
NetatmoWelcome,dib_trust_weighted,global_registry,3,1,10,26,0.0,69.9,0.055556
NetatmoWelcome,dib_independence_aware,global_registry,3,1,10,26,0.0,69.9,0.055556
NetatmoWelcome,local_only,per_real_site_mean,4,1,10,26,0.4,0.0,0.018898
NetatmoWelcome,pooled_union,global_registry,4,1,10,26,1.0,0.0,0.011111
NetatmoWelcome,majority_registry,global_registry,4,1,10,26,0.0,14.0,0.022472
NetatmoWelcome,frequency_filtered_registry,global_registry,4,1,10,26,1.0,5.2,0.014599
NetatmoWelcome,reputation_weighted_voting,global_registry,4,1,10,26,0.0,14.5,0.022727
NetatmoWelcome,dib_vanilla,global_registry,4,1,10,26,0.0,69.9,0.055556
NetatmoWelcome,dib_trust_weighted,global_registry,4,1,10,26,0.0,69.9,0.055556
NetatmoWelcome,dib_independence_aware,global_registry,4,1,10,26,0.0,69.9,0.055556
NetatmoWelcome,local_only,per_real_site_mean,5,1,10,26,0.5,0.0,0.018437
NetatmoWelcome,pooled_union,global_registry,5,1,10,26,1.0,0.0,0.011111
NetatmoWelcome,majority_registry,global_registry,5,1,10,26,1.0,14.0,0.017391
NetatmoWelcome,frequency_filtered_registry,global_registry,5,1,10,26,1.0,5.2,0.014599
NetatmoWelcome,reputation_weighted_voting,global_registry,5,1,10,26,0.0,14.5,0.022727
NetatmoWelcome,dib_vanilla,global_registry,5,1,10,26,0.0,69.9,0.055556
NetatmoWelcome,dib_trust_weighted,global_registry,5,1,10,26,0.0,69.9,0.055556
NetatmoWelcome,dib_independence_aware,global_registry,5,1,10,26,0.0,69.9,0.055556
NetatmoWelcome,local_only,per_real_site_mean,6,1,10,26,0.6,0.0,0.018024
NetatmoWelcome,pooled_union,global_registry,6,1,10,26,1.0,0.0,0.011111
NetatmoWelcome,majority_registry,global_registry,6,1,10,26,1.0,14.0,0.017391
NetatmoWelcome,frequency_filtered_registry,global_registry,6,1,10,26,1.0,5.2,0.014599
NetatmoWelcome,reputation_weighted_voting,global_registry,6,1,10,26,1.0,14.5,0.017544
NetatmoWelcome,dib_vanilla,global_registry,6,1,10,26,0.0,69.9,0.055556
NetatmoWelcome,dib_trust_weighted,global_registry,6,1,10,26,0.0,69.9,0.055556
NetatmoWelcome,dib_independence_aware,global_registry,6,1,10,26,0.0,69.9,0.055556
NetatmoWelcome,local_only,per_real_site_mean,7,1,10,26,0.7,0.0,0.017589
NetatmoWelcome,pooled_union,global_registry,7,1,10,26,1.0,0.0,0.011111
NetatmoWelcome,majority_registry,global_registry,7,1,10,26,1.0,14.0,0.017391
NetatmoWelcome,frequency_filtered_registry,global_registry,7,1,10,26,1.0,5.2,0.014599
NetatmoWelcome,reputation_weighted_voting,global_registry,7,1,10,26,1.0,14.5,0.017544
NetatmoWelcome,dib_vanilla,global_registry,7,1,10,26,0.0,69.9,0.055556
NetatmoWelcome,dib_trust_weighted,global_registry,7,1,10,26,0.0,69.9,0.055556
NetatmoWelcome,dib_independence_aware,global_registry,7,1,10,26,0.0,69.9,0.055556
NetatmoWelcome,local_only,per_real_site_mean,8,1,10,26,0.8,0.0,0.017128
NetatmoWelcome,pooled_union,global_registry,8,1,10,26,1.0,0.0,0.011111
NetatmoWelcome,majority_registry,global_registry,8,1,10,26,1.0,14.0,0.017391
NetatmoWelcome,frequency_filtered_registry,global_registry,8,1,10,26,1.0,5.2,0.014599
NetatmoWelcome,reputation_weighted_voting,global_registry,8,1,10,26,1.0,14.5,0.017544
NetatmoWelcome,dib_vanilla,global_registry,8,1,10,26,0.0,69.9,0.055556
NetatmoWelcome,dib_trust_weighted,global_registry,8,1,10,26,0.0,69.9,0.055556
NetatmoWelcome,dib_independence_aware,global_registry,8,1,10,26,0.0,69.9,0.055556
NetatmoWelcome,local_only,per_real_site_mean,9,1,10,26,0.9,0.0,0.01675
NetatmoWelcome,pooled_union,global_registry,9,1,10,26,1.0,0.0,0.011111
NetatmoWelcome,majority_registry,global_registry,9,1,10,26,1.0,14.0,0.017391
NetatmoWelcome,frequency_filtered_registry,global_registry,9,1,10,26,1.0,5.2,0.014599
NetatmoWelcome,reputation_weighted_voting,global_registry,9,1,10,26,1.0,14.5,0.017544
NetatmoWelcome,dib_vanilla,global_registry,9,1,10,26,0.0,69.9,0.055556
NetatmoWelcome,dib_trust_weighted,global_registry,9,1,10,26,0.0,69.9,0.055556
NetatmoWelcome,dib_independence_aware,global_registry,9,1,10,26,0.0,69.9,0.055556
NetatmoWelcome,local_only,per_real_site_mean,10,1,10,26,1.0,0.0,0.016297
NetatmoWelcome,pooled_union,global_registry,10,1,10,26,1.0,0.0,0.011111
NetatmoWelcome,majority_registry,global_registry,10,1,10,26,1.0,14.0,0.017391
NetatmoWelcome,frequency_filtered_registry,global_registry,10,1,10,26,1.0,5.2,0.014599
NetatmoWelcome,reputation_weighted_voting,global_registry,10,1,10,26,1.0,14.5,0.017544
NetatmoWelcome,dib_vanilla,global_registry,10,1,10,26,0.0,69.9,0.055556
NetatmoWelcome,dib_trust_weighted,global_registry,10,1,10,26,0.0,69.9,0.055556
NetatmoWelcome,dib_independence_aware,global_registry,10,1,10,26,0.0,69.9,0.055556
SamsungCamera,local_only,per_real_site_mean,0,1,10,20,0.0,0.0,0.0
SamsungCamera,pooled_union,global_registry,0,1,10,20,0.0,0.0,0.0
SamsungCamera,majority_registry,global_registry,0,1,10,20,0.0,31.1,0.0
SamsungCamera,frequency_filtered_registry,global_registry,0,1,10,20,0.0,13.3,0.0
SamsungCamera,reputation_weighted_voting,global_registry,0,1,10,20,0.0,35.6,0.0
SamsungCamera,dib_vanilla,global_registry,0,1,10,20,0.0,59.0,0.0
SamsungCamera,dib_trust_weighted,global_registry,0,1,10,20,0.0,59.0,0.0
SamsungCamera,dib_independence_aware,global_registry,0,1,10,20,0.0,59.0,0.0
SamsungCamera,local_only,per_real_site_mean,1,1,10,20,0.1,0.0,0.0
SamsungCamera,pooled_union,global_registry,1,1,10,20,1.0,0.0,0.0
SamsungCamera,majority_registry,global_registry,1,1,10,20,0.0,31.1,0.0
SamsungCamera,frequency_filtered_registry,global_registry,1,1,10,20,0.7,13.3,0.0
SamsungCamera,reputation_weighted_voting,global_registry,1,1,10,20,0.0,35.6,0.0
SamsungCamera,dib_vanilla,global_registry,1,1,10,20,0.0,59.0,0.0
SamsungCamera,dib_trust_weighted,global_registry,1,1,10,20,0.0,59.0,0.0
SamsungCamera,dib_independence_aware,global_registry,1,1,10,20,0.0,59.0,0.0
SamsungCamera,local_only,per_real_site_mean,2,1,10,20,0.2,0.0,0.0
SamsungCamera,pooled_union,global_registry,2,1,10,20,1.0,0.0,0.0
SamsungCamera,majority_registry,global_registry,2,1,10,20,0.0,31.1,0.0
SamsungCamera,frequency_filtered_registry,global_registry,2,1,10,20,1.0,13.3,0.0
SamsungCamera,reputation_weighted_voting,global_registry,2,1,10,20,0.0,35.6,0.0
SamsungCamera,dib_vanilla,global_registry,2,1,10,20,0.0,59.0,0.0
SamsungCamera,dib_trust_weighted,global_registry,2,1,10,20,0.0,59.0,0.0
SamsungCamera,dib_independence_aware,global_registry,2,1,10,20,0.0,59.0,0.0
SamsungCamera,local_only,per_real_site_mean,3,1,10,20,0.3,0.0,0.0
SamsungCamera,pooled_union,global_registry,3,1,10,20,1.0,0.0,0.0
SamsungCamera,majority_registry,global_registry,3,1,10,20,0.0,31.1,0.0
SamsungCamera,frequency_filtered_registry,global_registry,3,1,10,20,1.0,13.3,0.0
SamsungCamera,reputation_weighted_voting,global_registry,3,1,10,20,0.0,35.6,0.0
SamsungCamera,dib_vanilla,global_registry,3,1,10,20,0.0,59.0,0.0
SamsungCamera,dib_trust_weighted,global_registry,3,1,10,20,0.0,59.0,0.0
SamsungCamera,dib_independence_aware,global_registry,3,1,10,20,0.0,59.0,0.0
SamsungCamera,local_only,per_real_site_mean,4,1,10,20,0.4,0.0,0.0
SamsungCamera,pooled_union,global_registry,4,1,10,20,1.0,0.0,0.0
SamsungCamera,majority_registry,global_registry,4,1,10,20,0.0,31.1,0.0
SamsungCamera,frequency_filtered_registry,global_registry,4,1,10,20,1.0,13.3,0.0
SamsungCamera,reputation_weighted_voting,global_registry,4,1,10,20,0.0,35.6,0.0
SamsungCamera,dib_vanilla,global_registry,4,1,10,20,0.0,59.0,0.0
SamsungCamera,dib_trust_weighted,global_registry,4,1,10,20,0.0,59.0,0.0
SamsungCamera,dib_independence_aware,global_registry,4,1,10,20,0.0,59.0,0.0
SamsungCamera,local_only,per_real_site_mean,5,1,10,20,0.5,0.0,0.0
SamsungCamera,pooled_union,global_registry,5,1,10,20,1.0,0.0,0.0
SamsungCamera,majority_registry,global_registry,5,1,10,20,1.0,31.1,0.0
SamsungCamera,frequency_filtered_registry,global_registry,5,1,10,20,1.0,13.3,0.0
SamsungCamera,reputation_weighted_voting,global_registry,5,1,10,20,0.0,35.6,0.0
SamsungCamera,dib_vanilla,global_registry,5,1,10,20,0.0,59.0,0.0
SamsungCamera,dib_trust_weighted,global_registry,5,1,10,20,0.0,59.0,0.0
SamsungCamera,dib_independence_aware,global_registry,5,1,10,20,0.0,59.0,0.0
SamsungCamera,local_only,per_real_site_mean,6,1,10,20,0.6,0.0,0.0
SamsungCamera,pooled_union,global_registry,6,1,10,20,1.0,0.0,0.0
SamsungCamera,majority_registry,global_registry,6,1,10,20,1.0,31.1,0.0
SamsungCamera,frequency_filtered_registry,global_registry,6,1,10,20,1.0,13.3,0.0
SamsungCamera,reputation_weighted_voting,global_registry,6,1,10,20,1.0,35.6,0.0
SamsungCamera,dib_vanilla,global_registry,6,1,10,20,0.0,59.0,0.0
SamsungCamera,dib_trust_weighted,global_registry,6,1,10,20,0.0,59.0,0.0
SamsungCamera,dib_independence_aware,global_registry,6,1,10,20,0.0,59.0,0.0
SamsungCamera,local_only,per_real_site_mean,7,1,10,20,0.7,0.0,0.0
SamsungCamera,pooled_union,global_registry,7,1,10,20,1.0,0.0,0.0
SamsungCamera,majority_registry,global_registry,7,1,10,20,1.0,31.1,0.0
SamsungCamera,frequency_filtered_registry,global_registry,7,1,10,20,1.0,13.3,0.0
SamsungCamera,reputation_weighted_voting,global_registry,7,1,10,20,1.0,35.6,0.0
SamsungCamera,dib_vanilla,global_registry,7,1,10,20,0.0,59.0,0.0
SamsungCamera,dib_trust_weighted,global_registry,7,1,10,20,0.0,59.0,0.0
SamsungCamera,dib_independence_aware,global_registry,7,1,10,20,0.0,59.0,0.0
SamsungCamera,local_only,per_real_site_mean,8,1,10,20,0.8,0.0,0.0
SamsungCamera,pooled_union,global_registry,8,1,10,20,1.0,0.0,0.0
SamsungCamera,majority_registry,global_registry,8,1,10,20,1.0,31.1,0.0
SamsungCamera,frequency_filtered_registry,global_registry,8,1,10,20,1.0,13.3,0.0
SamsungCamera,reputation_weighted_voting,global_registry,8,1,10,20,1.0,35.6,0.0
SamsungCamera,dib_vanilla,global_registry,8,1,10,20,0.0,59.0,0.0
SamsungCamera,dib_trust_weighted,global_registry,8,1,10,20,0.0,59.0,0.0
SamsungCamera,dib_independence_aware,global_registry,8,1,10,20,0.0,59.0,0.0
SamsungCamera,local_only,per_real_site_mean,9,1,10,20,0.9,0.0,0.0
SamsungCamera,pooled_union,global_registry,9,1,10,20,1.0,0.0,0.0
SamsungCamera,majority_registry,global_registry,9,1,10,20,1.0,31.1,0.0
SamsungCamera,frequency_filtered_registry,global_registry,9,1,10,20,1.0,13.3,0.0
SamsungCamera,reputation_weighted_voting,global_registry,9,1,10,20,1.0,35.6,0.0
SamsungCamera,dib_vanilla,global_registry,9,1,10,20,0.0,59.0,0.0
SamsungCamera,dib_trust_weighted,global_registry,9,1,10,20,0.0,59.0,0.0
SamsungCamera,dib_independence_aware,global_registry,9,1,10,20,0.0,59.0,0.0
SamsungCamera,local_only,per_real_site_mean,10,1,10,20,1.0,0.0,0.0
SamsungCamera,pooled_union,global_registry,10,1,10,20,1.0,0.0,0.0
SamsungCamera,majority_registry,global_registry,10,1,10,20,1.0,31.1,0.0
SamsungCamera,frequency_filtered_registry,global_registry,10,1,10,20,1.0,13.3,0.0
SamsungCamera,reputation_weighted_voting,global_registry,10,1,10,20,1.0,35.6,0.0
SamsungCamera,dib_vanilla,global_registry,10,1,10,20,0.0,59.0,0.0
SamsungCamera,dib_trust_weighted,global_registry,10,1,10,20,0.0,59.0,0.0
SamsungCamera,dib_independence_aware,global_registry,10,1,10,20,0.0,59.0,0.0
TPLinkSmartPlug,local_only,per_real_site_mean,0,1,10,9,0.0,0.0,0.0
TPLinkSmartPlug,pooled_union,global_registry,0,1,10,9,0.0,0.0,0.0
TPLinkSmartPlug,majority_registry,global_registry,0,1,10,9,0.0,12.6,0.0
TPLinkSmartPlug,frequency_filtered_registry,global_registry,0,1,10,9,0.0,6.0,0.0
TPLinkSmartPlug,reputation_weighted_voting,global_registry,0,1,10,9,0.0,14.6,0.0
TPLinkSmartPlug,dib_vanilla,global_registry,0,1,10,9,0.0,36.9,0.0
TPLinkSmartPlug,dib_trust_weighted,global_registry,0,1,10,9,0.0,36.9,0.0
TPLinkSmartPlug,dib_independence_aware,global_registry,0,1,10,9,0.0,36.9,0.0
TPLinkSmartPlug,local_only,per_real_site_mean,1,1,10,9,0.1,0.0,0.0
TPLinkSmartPlug,pooled_union,global_registry,1,1,10,9,1.0,0.0,0.0
TPLinkSmartPlug,majority_registry,global_registry,1,1,10,9,0.0,12.6,0.0
TPLinkSmartPlug,frequency_filtered_registry,global_registry,1,1,10,9,0.666667,6.0,0.0
TPLinkSmartPlug,reputation_weighted_voting,global_registry,1,1,10,9,0.0,14.6,0.0
TPLinkSmartPlug,dib_vanilla,global_registry,1,1,10,9,0.0,37.7,0.0
TPLinkSmartPlug,dib_trust_weighted,global_registry,1,1,10,9,0.0,37.7,0.0
TPLinkSmartPlug,dib_independence_aware,global_registry,1,1,10,9,0.0,37.7,0.0
TPLinkSmartPlug,local_only,per_real_site_mean,2,1,10,9,0.2,0.0,0.0
TPLinkSmartPlug,pooled_union,global_registry,2,1,10,9,1.0,0.0,0.0
TPLinkSmartPlug,majority_registry,global_registry,2,1,10,9,0.0,12.6,0.0
TPLinkSmartPlug,frequency_filtered_registry,global_registry,2,1,10,9,1.0,6.0,0.0
TPLinkSmartPlug,reputation_weighted_voting,global_registry,2,1,10,9,0.0,14.6,0.0
TPLinkSmartPlug,dib_vanilla,global_registry,2,1,10,9,0.0,37.7,0.0
TPLinkSmartPlug,dib_trust_weighted,global_registry,2,1,10,9,0.0,37.7,0.0
TPLinkSmartPlug,dib_independence_aware,global_registry,2,1,10,9,0.0,37.7,0.0
TPLinkSmartPlug,local_only,per_real_site_mean,3,1,10,9,0.3,0.0,0.0
TPLinkSmartPlug,pooled_union,global_registry,3,1,10,9,1.0,0.0,0.0
TPLinkSmartPlug,majority_registry,global_registry,3,1,10,9,0.0,12.6,0.0
TPLinkSmartPlug,frequency_filtered_registry,global_registry,3,1,10,9,1.0,6.0,0.0
TPLinkSmartPlug,reputation_weighted_voting,global_registry,3,1,10,9,0.0,14.6,0.0
TPLinkSmartPlug,dib_vanilla,global_registry,3,1,10,9,0.0,37.7,0.0
TPLinkSmartPlug,dib_trust_weighted,global_registry,3,1,10,9,0.0,37.7,0.0
TPLinkSmartPlug,dib_independence_aware,global_registry,3,1,10,9,0.0,37.7,0.0
TPLinkSmartPlug,local_only,per_real_site_mean,4,1,10,9,0.4,0.0,0.0
TPLinkSmartPlug,pooled_union,global_registry,4,1,10,9,1.0,0.0,0.0
TPLinkSmartPlug,majority_registry,global_registry,4,1,10,9,0.0,12.6,0.0
TPLinkSmartPlug,frequency_filtered_registry,global_registry,4,1,10,9,1.0,6.0,0.0
TPLinkSmartPlug,reputation_weighted_voting,global_registry,4,1,10,9,0.0,14.6,0.0
TPLinkSmartPlug,dib_vanilla,global_registry,4,1,10,9,0.0,37.7,0.0
TPLinkSmartPlug,dib_trust_weighted,global_registry,4,1,10,9,0.0,37.7,0.0
TPLinkSmartPlug,dib_independence_aware,global_registry,4,1,10,9,0.0,37.7,0.0
TPLinkSmartPlug,local_only,per_real_site_mean,5,1,10,9,0.5,0.0,0.0
TPLinkSmartPlug,pooled_union,global_registry,5,1,10,9,1.0,0.0,0.0
TPLinkSmartPlug,majority_registry,global_registry,5,1,10,9,1.0,12.6,0.0
TPLinkSmartPlug,frequency_filtered_registry,global_registry,5,1,10,9,1.0,6.0,0.0
TPLinkSmartPlug,reputation_weighted_voting,global_registry,5,1,10,9,0.0,14.6,0.0
TPLinkSmartPlug,dib_vanilla,global_registry,5,1,10,9,0.0,37.7,0.0
TPLinkSmartPlug,dib_trust_weighted,global_registry,5,1,10,9,0.0,37.7,0.0
TPLinkSmartPlug,dib_independence_aware,global_registry,5,1,10,9,0.0,37.7,0.0
TPLinkSmartPlug,local_only,per_real_site_mean,6,1,10,9,0.6,0.0,0.0
TPLinkSmartPlug,pooled_union,global_registry,6,1,10,9,1.0,0.0,0.0
TPLinkSmartPlug,majority_registry,global_registry,6,1,10,9,1.0,12.6,0.0
TPLinkSmartPlug,frequency_filtered_registry,global_registry,6,1,10,9,1.0,6.0,0.0
TPLinkSmartPlug,reputation_weighted_voting,global_registry,6,1,10,9,1.0,14.6,0.0
TPLinkSmartPlug,dib_vanilla,global_registry,6,1,10,9,0.0,37.7,0.0
TPLinkSmartPlug,dib_trust_weighted,global_registry,6,1,10,9,0.0,37.7,0.0
TPLinkSmartPlug,dib_independence_aware,global_registry,6,1,10,9,0.0,37.7,0.0
TPLinkSmartPlug,local_only,per_real_site_mean,7,1,10,9,0.7,0.0,0.0
TPLinkSmartPlug,pooled_union,global_registry,7,1,10,9,1.0,0.0,0.0
TPLinkSmartPlug,majority_registry,global_registry,7,1,10,9,1.0,12.6,0.0
TPLinkSmartPlug,frequency_filtered_registry,global_registry,7,1,10,9,1.0,6.0,0.0
TPLinkSmartPlug,reputation_weighted_voting,global_registry,7,1,10,9,1.0,14.6,0.0
TPLinkSmartPlug,dib_vanilla,global_registry,7,1,10,9,0.0,37.7,0.0
TPLinkSmartPlug,dib_trust_weighted,global_registry,7,1,10,9,0.0,37.7,0.0
TPLinkSmartPlug,dib_independence_aware,global_registry,7,1,10,9,0.0,37.7,0.0
TPLinkSmartPlug,local_only,per_real_site_mean,8,1,10,9,0.8,0.0,0.0
TPLinkSmartPlug,pooled_union,global_registry,8,1,10,9,1.0,0.0,0.0
TPLinkSmartPlug,majority_registry,global_registry,8,1,10,9,1.0,12.6,0.0
TPLinkSmartPlug,frequency_filtered_registry,global_registry,8,1,10,9,1.0,6.0,0.0
TPLinkSmartPlug,reputation_weighted_voting,global_registry,8,1,10,9,1.0,14.6,0.0
TPLinkSmartPlug,dib_vanilla,global_registry,8,1,10,9,0.0,37.7,0.0
TPLinkSmartPlug,dib_trust_weighted,global_registry,8,1,10,9,0.0,37.7,0.0
TPLinkSmartPlug,dib_independence_aware,global_registry,8,1,10,9,0.0,37.7,0.0
TPLinkSmartPlug,local_only,per_real_site_mean,9,1,10,9,0.9,0.0,0.0
TPLinkSmartPlug,pooled_union,global_registry,9,1,10,9,1.0,0.0,0.0
TPLinkSmartPlug,majority_registry,global_registry,9,1,10,9,1.0,12.6,0.0
TPLinkSmartPlug,frequency_filtered_registry,global_registry,9,1,10,9,1.0,6.0,0.0
TPLinkSmartPlug,reputation_weighted_voting,global_registry,9,1,10,9,1.0,14.6,0.0
TPLinkSmartPlug,dib_vanilla,global_registry,9,1,10,9,0.0,37.7,0.0
TPLinkSmartPlug,dib_trust_weighted,global_registry,9,1,10,9,0.0,37.7,0.0
TPLinkSmartPlug,dib_independence_aware,global_registry,9,1,10,9,0.0,37.7,0.0
TPLinkSmartPlug,local_only,per_real_site_mean,10,1,10,9,1.0,0.0,0.0
TPLinkSmartPlug,pooled_union,global_registry,10,1,10,9,1.0,0.0,0.0
TPLinkSmartPlug,majority_registry,global_registry,10,1,10,9,1.0,12.6,0.0
TPLinkSmartPlug,frequency_filtered_registry,global_registry,10,1,10,9,1.0,6.0,0.0
TPLinkSmartPlug,reputation_weighted_voting,global_registry,10,1,10,9,1.0,14.6,0.0
TPLinkSmartPlug,dib_vanilla,global_registry,10,1,10,9,0.0,37.7,0.0
TPLinkSmartPlug,dib_trust_weighted,global_registry,10,1,10,9,0.0,37.7,0.0
TPLinkSmartPlug,dib_independence_aware,global_registry,10,1,10,9,0.0,37.7,0.0
