device_type,shared_endpoint_count,predicted_only_count,truth_only_count,union_count,overlap_ratio
amazon-echo,4,34,28,66,0.060606
august-doorbell,8,3,27,38,0.210526
awair-air-quality,0,9,9,18,0.0
belkin-camera,1,3,18,22,0.045455
blipcare-bp-meter,0,0,6,6,0.0
canary-camera,3,0,12,15,0.2
chromecast-ultra,0,0,105,105,0.0
dropcam,0,0,11,11,0.0
hello-barbie,2,0,6,8,0.25
hp-printer,0,0,25,25,0.0
ihome-plug,0,1,13,14,0.0
lifx-bulb,0,156,10,166,0.0
nest-smoke-sensor,0,0,54,54,0.0
netatmo-camera,1,18,25,44,0.022727
netatmo-weather,0,0,6,6,0.0
philips-hue,0,37,24,61,0.0
pixstar-photo,2,0,9,11,0.181818
ring-doorbell,0,1,10,11,0.0
samsung-smartcam,0,3,20,23,0.0
smartthings,0,48,8,56,0.0
tp-link-camera,1,0,15,16,0.0625
tp-link-plug,0,10,16,26,0.0
triby-speaker,2,4,24,30,0.066667
wemo-motion,0,0,18,18,0.0
wemo-switch,0,2,16,18,0.0
withings-baby,1,0,11,12,0.083333
withings-cardio,0,2,5,7,0.0
withings-sleep,2,1,6,9,0.222222
