receiver,sources,stage,candidates,reduction,coverage,precision,recall,f1
US,UK+YT,union,1005,0.0,1.0,0.32227038485611,0.35832717023618005,0.3271445279588602
US,UK+YT,quorum,42,0.9582089552238806,0.8333333333333334,0.75,0.07932319027323488,0.13949623363839073
US,UK+YT,quorum_score,40,0.9601990049751243,0.8333333333333334,0.75,0.07649833151617273,0.13511490995882144
US,UK+YT,DIB,36,0.9641791044776119,0.8333333333333334,0.75,0.06499818283939605,0.1158520571311269
UK,US+YT,union,767,0.0,1.0,0.2792458738579428,0.4486850356592534,0.32008600638441376
UK,US+YT,quorum,48,0.9374185136897001,0.8333333333333334,0.7445286195286195,0.0784423263188941,0.13788285243145856
UK,US+YT,quorum_score,48,0.9374185136897001,0.8333333333333334,0.7445286195286195,0.0784423263188941,0.13788285243145856
UK,US+YT,DIB,43,0.9439374185136897,0.8333333333333334,0.7838468720821662,0.06435819093866967,0.11512393907676265
YT,UK+US,union,1387,0.0,1.0,0.05933097090240571,0.33413353548966757,0.09462871150845459
YT,UK+US,quorum,177,0.8723864455659698,1.0,0.17348484848484846,0.2822537623539982,0.2075009235082114
YT,UK+US,quorum_score,146,0.8947368421052632,1.0,0.2567155067155067,0.2822537623539982,0.26780408931422345
YT,UK+US,DIB,107,0.9228550829127613,1.0,0.285672514619883,0.22293351302785266,0.24722305198756458
