site_id,device_type,method,monitor_only_queue,new_candidates_window,exportable_candidates,held_out_seen_count,held_out_seen_fraction,supporting_sites_mean,review_flags_after_rescore,churn_added,churn_removed,window
US,amcrest-cam-wired,dib,0,0,0,0,0.0,0.0,0,0,0,full-capture
US,appletv,dib,56,56,56,56,1.0,2.0,0,56,0,full-capture
US,blink-camera,dib,0,0,0,0,0.0,0.0,0,0,0,full-capture
US,blink-security-hub,dib,7,7,6,7,1.0,2.0,0,7,0,full-capture
US,brewer,dib,0,0,0,0,0.0,0.0,0,0,0,full-capture
US,bulb1,dib,0,0,0,0,0.0,0.0,0,0,0,full-capture
US,cloudcam,dib,0,0,0,0,0.0,0.0,0,0,0,full-capture
US,dlink-mov,dib,0,0,0,0,0.0,0.0,0,0,0,full-capture
US,dryer,dib,0,0,0,0,0.0,0.0,0,0,0,full-capture
US,echodot,dib,28,28,28,28,1.0,2.0,0,28,0,full-capture
US,echoplus,dib,33,33,33,33,1.0,2.0,0,33,0,full-capture
US,echospot,dib,51,51,51,51,1.0,2.0,0,51,0,full-capture
US,firetv,dib,80,80,80,80,1.0,2.0,0,80,0,full-capture
US,fridge,dib,0,0,0,0,0.0,0.0,0,0,0,full-capture
US,google-home-mini,dib,30,30,30,30,1.0,2.0,0,30,0,full-capture
US,google-home-mini2,dib,0,0,0,0,0.0,0.0,0,0,0,full-capture
US,ikettle,dib,0,0,0,0,0.0,0.0,0,0,0,full-capture
US,insteon-hub,dib,1,1,1,1,1.0,2.0,0,1,0,full-capture
US,invoke,dib,0,0,0,0,0.0,0.0,0,0,0,full-capture
US,lefun-cam-wired,dib,0,0,0,0,0.0,0.0,0,0,0,full-capture
US,lgtv-wired,dib,0,0,0,0,0.0,0.0,0,0,0,full-capture
US,lightify-hub,dib,0,0,0,0,0.0,0.0,0,0,0,full-capture
US,luohe-spycam,dib,0,0,0,0,0.0,0.0,0,0,0,full-capture
US,magichome-strip,dib,0,0,0,0,0.0,0.0,0,0,0,full-capture
US,microseven-camera,dib,0,0,0,0,0.0,0.0,0,0,0,full-capture
US,microwave,dib,0,0,0,0,0.0,0.0,0,0,0,full-capture
US,nest-tstat,dib,11,11,10,11,1.0,2.0,0,11,0,full-capture
US,philips-hue,dib,10,10,6,10,1.0,2.0,0,10,0,full-capture
US,ring-doorbell,dib,5,5,5,5,1.0,2.0,0,5,0,full-capture
US,roku-tv,dib,57,57,56,57,1.0,2.0,0,57,0,full-capture
US,samsungtv-wired,dib,36,36,36,36,1.0,2.0,0,36,0,full-capture
US,sengled-hub,dib,0,0,0,0,0.0,0.0,0,0,0,full-capture
US,smartthings,dib,4,4,4,4,1.0,2.0,0,4,0,full-capture
US,sousvide,dib,0,0,0,0,0.0,0.0,0,0,0,full-capture
US,t-echodot,dib,0,0,0,0,0.0,0.0,0,0,0,full-capture
US,t-smartthings-hub,dib,0,0,0,0,0.0,0.0,0,0,0,full-capture
US,t-wemo-plug,dib,9,9,6,9,1.0,2.0,0,9,0,full-capture
US,tp-link-plug,dib,21,21,21,21,1.0,2.0,0,21,0,full-capture
US,tplink-bulb,dib,8,8,8,8,1.0,2.0,0,8,0,full-capture
US,wansview-cam-wired,dib,11,11,11,11,1.0,2.0,0,11,0,full-capture
US,washer,dib,0,0,0,0,0.0,0.0,0,0,0,full-capture
US,wink-hub2,dib,0,0,0,0,0.0,0.0,0,0,0,full-capture
US,xiaomi-cleaner,dib,0,0,0,0,0.0,0.0,0,0,0,full-capture
US,xiaomi-hub,dib,4,4,4,4,1.0,2.0,0,4,0,full-capture
US,xiaomi-ricecooker,dib,0,0,0,0,0.0,0.0,0,0,0,full-capture
US,xiaomi-strip,dib,0,0,0,0,0.0,0.0,0,0,0,full-capture
US,yi-camera,dib,0,0,0,0,0.0,0.0,0,0,0,full-capture
US,zmodo-doorbell,dib,0,0,0,0,0.0,0.0,0,0,0,full-capture
US,amcrest-cam-wired,pooled_union,16898,16898,12,16898,1.0,1.0,0,16898,0,full-capture
US,appletv,pooled_union,154,154,120,101,0.6558441558441559,1.4610389610389611,0,154,0,full-capture
US,blink-camera,pooled_union,27,27,8,15,0.5555555555555556,1.0,0,27,0,full-capture
US,blink-security-hub,pooled_union,66,66,16,32,0.48484848484848486,1.121212121212121,0,66,0,full-capture
US,brewer,pooled_union,8,8,5,8,1.0,1.0,0,8,0,full-capture
US,bulb1,pooled_union,11,11,4,11,1.0,1.0,0,11,0,full-capture
US,cloudcam,pooled_union,55,55,35,55,1.0,1.0,0,55,0,full-capture
US,dlink-mov,pooled_union,23,23,17,23,1.0,1.0,0,23,0,full-capture
US,dryer,pooled_union,45,45,32,45,1.0,1.0,0,45,0,full-capture
US,echodot,pooled_union,327,327,58,93,0.28440366972477066,1.1192660550458715,0,327,0,full-capture
US,echoplus,pooled_union,502,502,56,278,0.5537848605577689,1.199203187250996,0,502,0,full-capture
US,echospot,pooled_union,512,512,96,209,0.408203125,1.2109375,0,512,0,full-capture
US,firetv,pooled_union,245,245,181,186,0.7591836734693878,1.3591836734693878,0,245,0,full-capture
US,fridge,pooled_union,252,252,78,252,1.0,1.0,0,252,0,full-capture
US,google-home-mini,pooled_union,164,164,55,95,0.5792682926829268,1.3658536585365855,0,164,0,full-capture
US,google-home-mini2,pooled_union,55,55,47,55,1.0,1.0,0,55,0,full-capture
US,ikettle,pooled_union,8,8,6,8,1.0,1.0,0,8,0,full-capture
US,insteon-hub,pooled_union,14,14,9,13,0.9285714285714286,1.0714285714285714,0,14,0,full-capture
US,invoke,pooled_union,58,58,39,58,1.0,1.0,0,58,0,full-capture
US,lefun-cam-wired,pooled_union,308,308,1,308,1.0,1.0,0,308,0,full-capture
US,lgtv-wired,pooled_union,81,81,46,81,1.0,1.0,0,81,0,full-capture
US,lightify-hub,pooled_union,24,24,10,14,0.5833333333333334,1.0416666666666667,0,24,0,full-capture
US,luohe-spycam,pooled_union,116,116,8,116,1.0,1.0,0,116,0,full-capture
US,magichome-strip,pooled_union,9,9,6,5,0.5555555555555556,1.0,0,9,0,full-capture
US,microseven-camera,pooled_union,6,6,5,6,1.0,1.0,0,6,0,full-capture
US,microwave,pooled_union,5,5,4,5,1.0,1.0,0,5,0,full-capture
US,nest-tstat,pooled_union,145,145,93,42,0.2896551724137931,1.1241379310344828,0,145,0,full-capture
US,philips-hue,pooled_union,79,79,32,70,0.8860759493670886,1.379746835443038,0,79,0,full-capture
US,ring-doorbell,pooled_union,906,906,12,342,0.37748344370860926,1.011037527593819,0,906,0,full-capture
US,roku-tv,pooled_union,183,183,98,118,0.644808743169399,1.360655737704918,0,183,0,full-capture
US,samsungtv-wired,pooled_union,513,513,344,395,0.7699805068226121,1.101364522417154,0,513,0,full-capture
US,sengled-hub,pooled_union,26,26,12,8,0.3076923076923077,1.0,0,26,0,full-capture
US,smartthings,pooled_union,41,41,16,28,0.6829268292682927,1.2439024390243902,0,41,0,full-capture
US,sousvide,pooled_union,1,1,0,1,1.0,2.0,0,1,0,full-capture
US,t-echodot,pooled_union,58,58,37,58,1.0,1.0,0,58,0,full-capture
US,t-smartthings-hub,pooled_union,8,8,6,8,1.0,1.0,0,8,0,full-capture
US,t-wemo-plug,pooled_union,90,90,10,59,0.6555555555555556,1.4222222222222223,0,90,0,full-capture
US,tp-link-plug,pooled_union,41,41,25,28,0.6829268292682927,1.6097560975609757,0,41,0,full-capture
US,tplink-bulb,pooled_union,112,112,21,79,0.7053571428571429,1.4017857142857142,0,112,0,full-capture
US,wansview-cam-wired,pooled_union,795,795,15,445,0.559748427672956,1.0289308176100629,0,795,0,full-capture
US,washer,pooled_union,42,42,28,42,1.0,1.0,0,42,0,full-capture
US,wink-hub2,pooled_union,47,47,12,47,1.0,1.0,0,47,0,full-capture
US,xiaomi-cleaner,pooled_union,29,29,17,7,0.2413793103448276,1.0344827586206897,0,29,0,full-capture
US,xiaomi-hub,pooled_union,49,49,4,40,0.8163265306122449,1.7755102040816326,0,49,0,full-capture
US,xiaomi-ricecooker,pooled_union,9,9,4,9,1.0,1.0,0,9,0,full-capture
US,xiaomi-strip,pooled_union,40,40,4,40,1.0,1.0,0,40,0,full-capture
US,yi-camera,pooled_union,888,888,12,441,0.4966216216216216,1.007882882882883,0,888,0,full-capture
US,zmodo-doorbell,pooled_union,46,46,36,46,1.0,1.0,0,46,0,full-capture
US,amcrest-cam-wired,quorum_only,0,0,0,0,0.0,0.0,0,0,0,full-capture
US,appletv,quorum_only,71,71,68,71,1.0,2.0,0,71,0,full-capture
US,blink-camera,quorum_only,0,0,0,0,0.0,0.0,0,0,0,full-capture
US,blink-security-hub,quorum_only,8,8,7,8,1.0,2.0,0,8,0,full-capture
US,brewer,quorum_only,0,0,0,0,0.0,0.0,0,0,0,full-capture
US,bulb1,quorum_only,0,0,0,0,0.0,0.0,0,0,0,full-capture
US,cloudcam,quorum_only,0,0,0,0,0.0,0.0,0,0,0,full-capture
US,dlink-mov,quorum_only,0,0,0,0,0.0,0.0,0,0,0,full-capture
US,dryer,quorum_only,0,0,0,0,0.0,0.0,0,0,0,full-capture
US,echodot,quorum_only,39,39,29,39,1.0,2.0,0,39,0,full-capture
US,echoplus,quorum_only,100,100,38,100,1.0,2.0,0,100,0,full-capture
US,echospot,quorum_only,108,108,56,108,1.0,2.0,0,108,0,full-capture
US,firetv,quorum_only,88,88,81,88,1.0,2.0,0,88,0,full-capture
US,fridge,quorum_only,0,0,0,0,0.0,0.0,0,0,0,full-capture
US,google-home-mini,quorum_only,60,60,30,60,1.0,2.0,0,60,0,full-capture
US,google-home-mini2,quorum_only,0,0,0,0,0.0,0.0,0,0,0,full-capture
US,ikettle,quorum_only,0,0,0,0,0.0,0.0,0,0,0,full-capture
US,insteon-hub,quorum_only,1,1,1,1,1.0,2.0,0,1,0,full-capture
US,invoke,quorum_only,0,0,0,0,0.0,0.0,0,0,0,full-capture
US,lefun-cam-wired,quorum_only,0,0,0,0,0.0,0.0,0,0,0,full-capture
US,lgtv-wired,quorum_only,0,0,0,0,0.0,0.0,0,0,0,full-capture
US,lightify-hub,quorum_only,1,1,0,1,1.0,2.0,0,1,0,full-capture
US,luohe-spycam,quorum_only,0,0,0,0,0.0,0.0,0,0,0,full-capture
US,magichome-strip,quorum_only,0,0,0,0,0.0,0.0,0,0,0,full-capture
US,microseven-camera,quorum_only,0,0,0,0,0.0,0.0,0,0,0,full-capture
US,microwave,quorum_only,0,0,0,0,0.0,0.0,0,0,0,full-capture
US,nest-tstat,quorum_only,18,18,14,18,1.0,2.0,0,18,0,full-capture
US,philips-hue,quorum_only,30,30,23,30,1.0,2.0,0,30,0,full-capture
US,ring-doorbell,quorum_only,10,10,5,10,1.0,2.0,0,10,0,full-capture
US,roku-tv,quorum_only,66,66,58,66,1.0,2.0,0,66,0,full-capture
US,samsungtv-wired,quorum_only,52,52,46,52,1.0,2.0,0,52,0,full-capture
US,sengled-hub,quorum_only,0,0,0,0,0.0,0.0,0,0,0,full-capture
US,smartthings,quorum_only,10,10,7,10,1.0,2.0,0,10,0,full-capture
US,sousvide,quorum_only,1,1,0,1,1.0,2.0,0,1,0,full-capture
US,t-echodot,quorum_only,0,0,0,0,0.0,0.0,0,0,0,full-capture
US,t-smartthings-hub,quorum_only,0,0,0,0,0.0,0.0,0,0,0,full-capture
US,t-wemo-plug,quorum_only,38,38,6,38,1.0,2.0,0,38,0,full-capture
US,tp-link-plug,quorum_only,25,25,21,25,1.0,2.0,0,25,0,full-capture
US,tplink-bulb,quorum_only,45,45,8,45,1.0,2.0,0,45,0,full-capture
US,wansview-cam-wired,quorum_only,23,23,11,23,1.0,2.0,0,23,0,full-capture
US,washer,quorum_only,0,0,0,0,0.0,0.0,0,0,0,full-capture
US,wink-hub2,quorum_only,0,0,0,0,0.0,0.0,0,0,0,full-capture
US,xiaomi-cleaner,quorum_only,1,1,0,1,1.0,2.0,0,1,0,full-capture
US,xiaomi-hub,quorum_only,38,38,4,38,1.0,2.0,0,38,0,full-capture
US,xiaomi-ricecooker,quorum_only,0,0,0,0,0.0,0.0,0,0,0,full-capture
US,xiaomi-strip,quorum_only,0,0,0,0,0.0,0.0,0,0,0,full-capture
US,yi-camera,quorum_only,7,7,0,7,1.0,2.0,0,7,0,full-capture
US,zmodo-doorbell,quorum_only,0,0,0,0,0.0,0.0,0,0,0,full-capture
US,amcrest-cam-wired,majority,16898,16898,12,16898,1.0,1.0,0,16898,0,full-capture
US,appletv,majority,154,154,120,101,0.6558441558441559,1.4610389610389611,0,154,0,full-capture
US,blink-camera,majority,27,27,8,15,0.5555555555555556,1.0,0,27,0,full-capture
US,blink-security-hub,majority,66,66,16,32,0.48484848484848486,1.121212121212121,0,66,0,full-capture
US,brewer,majority,8,8,5,8,1.0,1.0,0,8,0,full-capture
US,bulb1,majority,11,11,4,11,1.0,1.0,0,11,0,full-capture
US,cloudcam,majority,55,55,35,55,1.0,1.0,0,55,0,full-capture
US,dlink-mov,majority,23,23,17,23,1.0,1.0,0,23,0,full-capture
US,dryer,majority,45,45,32,45,1.0,1.0,0,45,0,full-capture
US,echodot,majority,327,327,58,93,0.28440366972477066,1.1192660550458715,0,327,0,full-capture
US,echoplus,majority,502,502,56,278,0.5537848605577689,1.199203187250996,0,502,0,full-capture
US,echospot,majority,512,512,96,209,0.408203125,1.2109375,0,512,0,full-capture
US,firetv,majority,245,245,181,186,0.7591836734693878,1.3591836734693878,0,245,0,full-capture
US,fridge,majority,252,252,78,252,1.0,1.0,0,252,0,full-capture
US,google-home-mini,majority,164,164,55,95,0.5792682926829268,1.3658536585365855,0,164,0,full-capture
US,google-home-mini2,majority,55,55,47,55,1.0,1.0,0,55,0,full-capture
US,ikettle,majority,8,8,6,8,1.0,1.0,0,8,0,full-capture
US,insteon-hub,majority,14,14,9,13,0.9285714285714286,1.0714285714285714,0,14,0,full-capture
US,invoke,majority,58,58,39,58,1.0,1.0,0,58,0,full-capture
US,lefun-cam-wired,majority,308,308,1,308,1.0,1.0,0,308,0,full-capture
US,lgtv-wired,majority,81,81,46,81,1.0,1.0,0,81,0,full-capture
US,lightify-hub,majority,24,24,10,14,0.5833333333333334,1.0416666666666667,0,24,0,full-capture
US,luohe-spycam,majority,116,116,8,116,1.0,1.0,0,116,0,full-capture
US,magichome-strip,majority,9,9,6,5,0.5555555555555556,1.0,0,9,0,full-capture
US,microseven-camera,majority,6,6,5,6,1.0,1.0,0,6,0,full-capture
US,microwave,majority,5,5,4,5,1.0,1.0,0,5,0,full-capture
US,nest-tstat,majority,145,145,93,42,0.2896551724137931,1.1241379310344828,0,145,0,full-capture
US,philips-hue,majority,79,79,32,70,0.8860759493670886,1.379746835443038,0,79,0,full-capture
US,ring-doorbell,majority,906,906,12,342,0.37748344370860926,1.011037527593819,0,906,0,full-capture
US,roku-tv,majority,183,183,98,118,0.644808743169399,1.360655737704918,0,183,0,full-capture
US,samsungtv-wired,majority,513,513,344,395,0.7699805068226121,1.101364522417154,0,513,0,full-capture
US,sengled-hub,majority,26,26,12,8,0.3076923076923077,1.0,0,26,0,full-capture
US,smartthings,majority,41,41,16,28,0.6829268292682927,1.2439024390243902,0,41,0,full-capture
US,sousvide,majority,1,1,0,1,1.0,2.0,0,1,0,full-capture
US,t-echodot,majority,58,58,37,58,1.0,1.0,0,58,0,full-capture
US,t-smartthings-hub,majority,8,8,6,8,1.0,1.0,0,8,0,full-capture
US,t-wemo-plug,majority,90,90,10,59,0.6555555555555556,1.4222222222222223,0,90,0,full-capture
US,tp-link-plug,majority,41,41,25,28,0.6829268292682927,1.6097560975609757,0,41,0,full-capture
US,tplink-bulb,majority,112,112,21,79,0.7053571428571429,1.4017857142857142,0,112,0,full-capture
US,wansview-cam-wired,majority,795,795,15,445,0.559748427672956,1.0289308176100629,0,795,0,full-capture
US,washer,majority,42,42,28,42,1.0,1.0,0,42,0,full-capture
US,wink-hub2,majority,47,47,12,47,1.0,1.0,0,47,0,full-capture
US,xiaomi-cleaner,majority,29,29,17,7,0.2413793103448276,1.0344827586206897,0,29,0,full-capture
US,xiaomi-hub,majority,49,49,4,40,0.8163265306122449,1.7755102040816326,0,49,0,full-capture
US,xiaomi-ricecooker,majority,9,9,4,9,1.0,1.0,0,9,0,full-capture
US,xiaomi-strip,majority,40,40,4,40,1.0,1.0,0,40,0,full-capture
US,yi-camera,majority,888,888,12,441,0.4966216216216216,1.007882882882883,0,888,0,full-capture
US,zmodo-doorbell,majority,46,46,36,46,1.0,1.0,0,46,0,full-capture
US,amcrest-cam-wired,dib_without_portability_gate,0,0,0,0,0.0,0.0,0,0,0,full-capture
US,appletv,dib_without_portability_gate,57,57,56,57,1.0,2.0,0,57,0,full-capture
US,blink-camera,dib_without_portability_gate,0,0,0,0,0.0,0.0,0,0,0,full-capture
US,blink-security-hub,dib_without_portability_gate,7,7,6,7,1.0,2.0,0,7,0,full-capture
US,brewer,dib_without_portability_gate,0,0,0,0,0.0,0.0,0,0,0,full-capture
US,bulb1,dib_without_portability_gate,0,0,0,0,0.0,0.0,0,0,0,full-capture
US,cloudcam,dib_without_portability_gate,0,0,0,0,0.0,0.0,0,0,0,full-capture
US,dlink-mov,dib_without_portability_gate,0,0,0,0,0.0,0.0,0,0,0,full-capture
US,dryer,dib_without_portability_gate,0,0,0,0,0.0,0.0,0,0,0,full-capture
US,echodot,dib_without_portability_gate,36,36,28,36,1.0,2.0,0,36,0,full-capture
US,echoplus,dib_without_portability_gate,64,64,33,64,1.0,2.0,0,64,0,full-capture
US,echospot,dib_without_portability_gate,93,93,51,93,1.0,2.0,0,93,0,full-capture
US,firetv,dib_without_portability_gate,87,87,80,87,1.0,2.0,0,87,0,full-capture
US,fridge,dib_without_portability_gate,0,0,0,0,0.0,0.0,0,0,0,full-capture
US,google-home-mini,dib_without_portability_gate,60,60,30,60,1.0,2.0,0,60,0,full-capture
US,google-home-mini2,dib_without_portability_gate,0,0,0,0,0.0,0.0,0,0,0,full-capture
US,ikettle,dib_without_portability_gate,0,0,0,0,0.0,0.0,0,0,0,full-capture
US,insteon-hub,dib_without_portability_gate,1,1,1,1,1.0,2.0,0,1,0,full-capture
US,invoke,dib_without_portability_gate,0,0,0,0,0.0,0.0,0,0,0,full-capture
US,lefun-cam-wired,dib_without_portability_gate,0,0,0,0,0.0,0.0,0,0,0,full-capture
US,lgtv-wired,dib_without_portability_gate,0,0,0,0,0.0,0.0,0,0,0,full-capture
US,lightify-hub,dib_without_portability_gate,1,1,0,1,1.0,2.0,0,1,0,full-capture
US,luohe-spycam,dib_without_portability_gate,0,0,0,0,0.0,0.0,0,0,0,full-capture
US,magichome-strip,dib_without_portability_gate,0,0,0,0,0.0,0.0,0,0,0,full-capture
US,microseven-camera,dib_without_portability_gate,0,0,0,0,0.0,0.0,0,0,0,full-capture
US,microwave,dib_without_portability_gate,0,0,0,0,0.0,0.0,0,0,0,full-capture
US,nest-tstat,dib_without_portability_gate,13,13,10,13,1.0,2.0,0,13,0,full-capture
US,philips-hue,dib_without_portability_gate,13,13,6,13,1.0,2.0,0,13,0,full-capture
US,ring-doorbell,dib_without_portability_gate,7,7,5,7,1.0,2.0,0,7,0,full-capture
US,roku-tv,dib_without_portability_gate,60,60,56,60,1.0,2.0,0,60,0,full-capture
US,samsungtv-wired,dib_without_portability_gate,40,40,36,40,1.0,2.0,0,40,0,full-capture
US,sengled-hub,dib_without_portability_gate,0,0,0,0,0.0,0.0,0,0,0,full-capture
US,smartthings,dib_without_portability_gate,5,5,4,5,1.0,2.0,0,5,0,full-capture
US,sousvide,dib_without_portability_gate,1,1,0,1,1.0,2.0,0,1,0,full-capture
US,t-echodot,dib_without_portability_gate,0,0,0,0,0.0,0.0,0,0,0,full-capture
US,t-smartthings-hub,dib_without_portability_gate,0,0,0,0,0.0,0.0,0,0,0,full-capture
US,t-wemo-plug,dib_without_portability_gate,37,37,6,37,1.0,2.0,0,37,0,full-capture
US,tp-link-plug,dib_without_portability_gate,25,25,21,25,1.0,2.0,0,25,0,full-capture
US,tplink-bulb,dib_without_portability_gate,37,37,8,37,1.0,2.0,0,37,0,full-capture
US,wansview-cam-wired,dib_without_portability_gate,13,13,11,13,1.0,2.0,0,13,0,full-capture
US,washer,dib_without_portability_gate,0,0,0,0,0.0,0.0,0,0,0,full-capture
US,wink-hub2,dib_without_portability_gate,0,0,0,0,0.0,0.0,0,0,0,full-capture
US,xiaomi-cleaner,dib_without_portability_gate,1,1,0,1,1.0,2.0,0,1,0,full-capture
US,xiaomi-hub,dib_without_portability_gate,36,36,4,36,1.0,2.0,0,36,0,full-capture
US,xiaomi-ricecooker,dib_without_portability_gate,0,0,0,0,0.0,0.0,0,0,0,full-capture
US,xiaomi-strip,dib_without_portability_gate,0,0,0,0,0.0,0.0,0,0,0,full-capture
US,yi-camera,dib_without_portability_gate,3,3,0,3,1.0,2.0,0,3,0,full-capture
US,zmodo-doorbell,dib_without_portability_gate,0,0,0,0,0.0,0.0,0,0,0,full-capture
UK,allure-speaker,dib,0,0,0,0,0.0,0.0,0,0,0,full-capture
UK,appletv,dib,56,56,56,56,1.0,2.0,0,56,0,full-capture
UK,blink-camera,dib,0,0,0,0,0.0,0.0,0,0,0,full-capture
UK,blink-security-hub,dib,7,7,6,7,1.0,2.0,0,7,0,full-capture
UK,bosiwo-camera-wifi,dib,0,0,0,0,0.0,0.0,0,0,0,full-capture
UK,bosiwo-camera-wired,dib,0,0,0,0,0.0,0.0,0,0,0,full-capture
UK,charger-camera,dib,0,0,0,0,0.0,0.0,0,0,0,full-capture
UK,echodot,dib,28,28,28,28,1.0,2.0,0,28,0,full-capture
UK,echoplus,dib,33,33,33,33,1.0,2.0,0,33,0,full-capture
UK,echospot,dib,51,51,51,51,1.0,2.0,0,51,0,full-capture
UK,firetv,dib,80,80,80,80,1.0,2.0,0,80,0,full-capture
UK,google-home,dib,0,0,0,0,0.0,0.0,0,0,0,full-capture
UK,google-home-mini,dib,30,30,30,30,1.0,2.0,0,30,0,full-capture
UK,honeywell-thermostat,dib,0,0,0,0,0.0,0.0,0,0,0,full-capture
UK,insteon-hub,dib,1,1,1,1,1.0,2.0,0,1,0,full-capture
UK,lightify-hub,dib,0,0,0,0,0.0,0.0,0,0,0,full-capture
UK,magichome-strip,dib,0,0,0,0,0.0,0.0,0,0,0,full-capture
UK,nest-tstat,dib,11,11,10,11,1.0,2.0,0,11,0,full-capture
UK,netatmo-weather,dib,0,0,0,0,0.0,0.0,0,0,0,full-capture
UK,philips-hue,dib,10,10,6,10,1.0,2.0,0,10,0,full-capture
UK,ring-doorbell,dib,5,5,5,5,1.0,2.0,0,5,0,full-capture
UK,roku-tv,dib,57,57,56,57,1.0,2.0,0,57,0,full-capture
UK,samsungtv-wired,dib,36,36,36,36,1.0,2.0,0,36,0,full-capture
UK,sengled-hub,dib,0,0,0,0,0.0,0.0,0,0,0,full-capture
UK,smarter-coffee-mach,dib,0,0,0,0,0.0,0.0,0,0,0,full-capture
UK,smartthings,dib,4,4,4,4,1.0,2.0,0,4,0,full-capture
UK,sousvide,dib,0,0,0,0,0.0,0.0,0,0,0,full-capture
UK,t-wemo-plug,dib,9,9,6,9,1.0,2.0,0,9,0,full-capture
UK,tp-link-plug,dib,21,21,21,21,1.0,2.0,0,21,0,full-capture
UK,tplink-bulb,dib,8,8,8,8,1.0,2.0,0,8,0,full-capture
UK,tplink-plug2,dib,0,0,0,0,0.0,0.0,0,0,0,full-capture
UK,wansview-cam-wired,dib,11,11,11,11,1.0,2.0,0,11,0,full-capture
UK,xiaomi-cam2,dib,0,0,0,0,0.0,0.0,0,0,0,full-capture
UK,xiaomi-cleaner,dib,0,0,0,0,0.0,0.0,0,0,0,full-capture
UK,xiaomi-hub,dib,4,4,4,4,1.0,2.0,0,4,0,full-capture
UK,xiaomi-plug,dib,0,0,0,0,0.0,0.0,0,0,0,full-capture
UK,yi-camera,dib,0,0,0,0,0.0,0.0,0,0,0,full-capture
UK,allure-speaker,pooled_union,47,47,33,47,1.0,1.0,0,47,0,full-capture
UK,appletv,pooled_union,154,154,120,124,0.8051948051948052,1.4610389610389611,0,154,0,full-capture
UK,blink-camera,pooled_union,27,27,8,12,0.4444444444444444,1.0,0,27,0,full-capture
UK,blink-security-hub,pooled_union,66,66,16,42,0.6363636363636364,1.121212121212121,0,66,0,full-capture
UK,bosiwo-camera-wifi,pooled_union,3,3,0,3,1.0,1.0,0,3,0,full-capture
UK,bosiwo-camera-wired,pooled_union,162,162,0,162,1.0,1.0,0,162,0,full-capture
UK,charger-camera,pooled_union,16,16,4,16,1.0,1.0,0,16,0,full-capture
UK,echodot,pooled_union,327,327,58,273,0.8348623853211009,1.1192660550458715,0,327,0,full-capture
UK,echoplus,pooled_union,502,502,56,324,0.6454183266932271,1.199203187250996,0,502,0,full-capture
UK,echospot,pooled_union,512,512,96,411,0.802734375,1.2109375,0,512,0,full-capture
UK,firetv,pooled_union,245,245,181,147,0.6,1.3591836734693878,0,245,0,full-capture
UK,google-home,pooled_union,140,140,38,140,1.0,1.0,0,140,0,full-capture
UK,google-home-mini,pooled_union,164,164,55,129,0.7865853658536586,1.3658536585365855,0,164,0,full-capture
UK,honeywell-thermostat,pooled_union,8,8,6,8,1.0,1.0,0,8,0,full-capture
UK,insteon-hub,pooled_union,14,14,9,2,0.14285714285714285,1.0714285714285714,0,14,0,full-capture
UK,lightify-hub,pooled_union,24,24,10,11,0.4583333333333333,1.0416666666666667,0,24,0,full-capture
UK,magichome-strip,pooled_union,9,9,6,4,0.4444444444444444,1.0,0,9,0,full-capture
UK,nest-tstat,pooled_union,145,145,93,121,0.8344827586206897,1.1241379310344828,0,145,0,full-capture
UK,netatmo-weather,pooled_union,4,4,2,4,1.0,1.0,0,4,0,full-capture
UK,philips-hue,pooled_union,79,79,32,39,0.4936708860759494,1.379746835443038,0,79,0,full-capture
UK,ring-doorbell,pooled_union,906,906,12,574,0.6335540838852097,1.011037527593819,0,906,0,full-capture
UK,roku-tv,pooled_union,183,183,98,131,0.7158469945355191,1.360655737704918,0,183,0,full-capture
UK,samsungtv-wired,pooled_union,513,513,344,170,0.3313840155945419,1.101364522417154,0,513,0,full-capture
UK,sengled-hub,pooled_union,26,26,12,18,0.6923076923076923,1.0,0,26,0,full-capture
UK,smarter-coffee-mach,pooled_union,4,4,2,4,1.0,1.0,0,4,0,full-capture
UK,smartthings,pooled_union,41,41,16,23,0.5609756097560976,1.2439024390243902,0,41,0,full-capture
UK,sousvide,pooled_union,1,1,0,1,1.0,2.0,0,1,0,full-capture
UK,t-wemo-plug,pooled_union,90,90,10,69,0.7666666666666667,1.4222222222222223,0,90,0,full-capture
UK,tp-link-plug,pooled_union,41,41,25,38,0.926829268292683,1.6097560975609757,0,41,0,full-capture
UK,tplink-bulb,pooled_union,112,112,21,78,0.6964285714285714,1.4017857142857142,0,112,0,full-capture
UK,tplink-plug2,pooled_union,12,12,7,12,1.0,1.0,0,12,0,full-capture
UK,wansview-cam-wired,pooled_union,795,795,15,373,0.4691823899371069,1.0289308176100629,0,795,0,full-capture
UK,xiaomi-cam2,pooled_union,355,355,12,355,1.0,1.0,0,355,0,full-capture
UK,xiaomi-cleaner,pooled_union,29,29,17,23,0.7931034482758621,1.0344827586206897,0,29,0,full-capture
UK,xiaomi-hub,pooled_union,49,49,4,47,0.9591836734693877,1.7755102040816326,0,49,0,full-capture
UK,xiaomi-plug,pooled_union,14,14,3,14,1.0,1.0,0,14,0,full-capture
UK,yi-camera,pooled_union,888,888,12,454,0.5112612612612613,1.007882882882883,0,888,0,full-capture
UK,allure-speaker,quorum_only,0,0,0,0,0.0,0.0,0,0,0,full-capture
UK,appletv,quorum_only,71,71,68,71,1.0,2.0,0,71,0,full-capture
UK,blink-camera,quorum_only,0,0,0,0,0.0,0.0,0,0,0,full-capture
UK,blink-security-hub,quorum_only,8,8,7,8,1.0,2.0,0,8,0,full-capture
UK,bosiwo-camera-wifi,quorum_only,0,0,0,0,0.0,0.0,0,0,0,full-capture
UK,bosiwo-camera-wired,quorum_only,0,0,0,0,0.0,0.0,0,0,0,full-capture
UK,charger-camera,quorum_only,0,0,0,0,0.0,0.0,0,0,0,full-capture
UK,echodot,quorum_only,39,39,29,39,1.0,2.0,0,39,0,full-capture
UK,echoplus,quorum_only,100,100,38,100,1.0,2.0,0,100,0,full-capture
UK,echospot,quorum_only,108,108,56,108,1.0,2.0,0,108,0,full-capture
UK,firetv,quorum_only,88,88,81,88,1.0,2.0,0,88,0,full-capture
UK,google-home,quorum_only,0,0,0,0,0.0,0.0,0,0,0,full-capture
UK,google-home-mini,quorum_only,60,60,30,60,1.0,2.0,0,60,0,full-capture
UK,honeywell-thermostat,quorum_only,0,0,0,0,0.0,0.0,0,0,0,full-capture
UK,insteon-hub,quorum_only,1,1,1,1,1.0,2.0,0,1,0,full-capture
UK,lightify-hub,quorum_only,1,1,0,1,1.0,2.0,0,1,0,full-capture
UK,magichome-strip,quorum_only,0,0,0,0,0.0,0.0,0,0,0,full-capture
UK,nest-tstat,quorum_only,18,18,14,18,1.0,2.0,0,18,0,full-capture
UK,netatmo-weather,quorum_only,0,0,0,0,0.0,0.0,0,0,0,full-capture
UK,philips-hue,quorum_only,30,30,23,30,1.0,2.0,0,30,0,full-capture
UK,ring-doorbell,quorum_only,10,10,5,10,1.0,2.0,0,10,0,full-capture
UK,roku-tv,quorum_only,66,66,58,66,1.0,2.0,0,66,0,full-capture
UK,samsungtv-wired,quorum_only,52,52,46,52,1.0,2.0,0,52,0,full-capture
UK,sengled-hub,quorum_only,0,0,0,0,0.0,0.0,0,0,0,full-capture
UK,smarter-coffee-mach,quorum_only,0,0,0,0,0.0,0.0,0,0,0,full-capture
UK,smartthings,quorum_only,10,10,7,10,1.0,2.0,0,10,0,full-capture
UK,sousvide,quorum_only,1,1,0,1,1.0,2.0,0,1,0,full-capture
UK,t-wemo-plug,quorum_only,38,38,6,38,1.0,2.0,0,38,0,full-capture
UK,tp-link-plug,quorum_only,25,25,21,25,1.0,2.0,0,25,0,full-capture
UK,tplink-bulb,quorum_only,45,45,8,45,1.0,2.0,0,45,0,full-capture
UK,tplink-plug2,quorum_only,0,0,0,0,0.0,0.0,0,0,0,full-capture
UK,wansview-cam-wired,quorum_only,23,23,11,23,1.0,2.0,0,23,0,full-capture
UK,xiaomi-cam2,quorum_only,0,0,0,0,0.0,0.0,0,0,0,full-capture
UK,xiaomi-cleaner,quorum_only,1,1,0,1,1.0,2.0,0,1,0,full-capture
UK,xiaomi-hub,quorum_only,38,38,4,38,1.0,2.0,0,38,0,full-capture
UK,xiaomi-plug,quorum_only,0,0,0,0,0.0,0.0,0,0,0,full-capture
UK,yi-camera,quorum_only,7,7,0,7,1.0,2.0,0,7,0,full-capture
UK,allure-speaker,majority,47,47,33,47,1.0,1.0,0,47,0,full-capture
UK,appletv,majority,154,154,120,124,0.8051948051948052,1.4610389610389611,0,154,0,full-capture
UK,blink-camera,majority,27,27,8,12,0.4444444444444444,1.0,0,27,0,full-capture
UK,blink-security-hub,majority,66,66,16,42,0.6363636363636364,1.121212121212121,0,66,0,full-capture
UK,bosiwo-camera-wifi,majority,3,3,0,3,1.0,1.0,0,3,0,full-capture
UK,bosiwo-camera-wired,majority,162,162,0,162,1.0,1.0,0,162,0,full-capture
UK,charger-camera,majority,16,16,4,16,1.0,1.0,0,16,0,full-capture
UK,echodot,majority,327,327,58,273,0.8348623853211009,1.1192660550458715,0,327,0,full-capture
UK,echoplus,majority,502,502,56,324,0.6454183266932271,1.199203187250996,0,502,0,full-capture
UK,echospot,majority,512,512,96,411,0.802734375,1.2109375,0,512,0,full-capture
UK,firetv,majority,245,245,181,147,0.6,1.3591836734693878,0,245,0,full-capture
UK,google-home,majority,140,140,38,140,1.0,1.0,0,140,0,full-capture
UK,google-home-mini,majority,164,164,55,129,0.7865853658536586,1.3658536585365855,0,164,0,full-capture
UK,honeywell-thermostat,majority,8,8,6,8,1.0,1.0,0,8,0,full-capture
UK,insteon-hub,majority,14,14,9,2,0.14285714285714285,1.0714285714285714,0,14,0,full-capture
UK,lightify-hub,majority,24,24,10,11,0.4583333333333333,1.0416666666666667,0,24,0,full-capture
UK,magichome-strip,majority,9,9,6,4,0.4444444444444444,1.0,0,9,0,full-capture
UK,nest-tstat,majority,145,145,93,121,0.8344827586206897,1.1241379310344828,0,145,0,full-capture
UK,netatmo-weather,majority,4,4,2,4,1.0,1.0,0,4,0,full-capture
UK,philips-hue,majority,79,79,32,39,0.4936708860759494,1.379746835443038,0,79,0,full-capture
UK,ring-doorbell,majority,906,906,12,574,0.6335540838852097,1.011037527593819,0,906,0,full-capture
UK,roku-tv,majority,183,183,98,131,0.7158469945355191,1.360655737704918,0,183,0,full-capture
UK,samsungtv-wired,majority,513,513,344,170,0.3313840155945419,1.101364522417154,0,513,0,full-capture
UK,sengled-hub,majority,26,26,12,18,0.6923076923076923,1.0,0,26,0,full-capture
UK,smarter-coffee-mach,majority,4,4,2,4,1.0,1.0,0,4,0,full-capture
UK,smartthings,majority,41,41,16,23,0.5609756097560976,1.2439024390243902,0,41,0,full-capture
UK,sousvide,majority,1,1,0,1,1.0,2.0,0,1,0,full-capture
UK,t-wemo-plug,majority,90,90,10,69,0.7666666666666667,1.4222222222222223,0,90,0,full-capture
UK,tp-link-plug,majority,41,41,25,38,0.926829268292683,1.6097560975609757,0,41,0,full-capture
UK,tplink-bulb,majority,112,112,21,78,0.6964285714285714,1.4017857142857142,0,112,0,full-capture
UK,tplink-plug2,majority,12,12,7,12,1.0,1.0,0,12,0,full-capture
UK,wansview-cam-wired,majority,795,795,15,373,0.4691823899371069,1.0289308176100629,0,795,0,full-capture
UK,xiaomi-cam2,majority,355,355,12,355,1.0,1.0,0,355,0,full-capture
UK,xiaomi-cleaner,majority,29,29,17,23,0.7931034482758621,1.0344827586206897,0,29,0,full-capture
UK,xiaomi-hub,majority,49,49,4,47,0.9591836734693877,1.7755102040816326,0,49,0,full-capture
UK,xiaomi-plug,majority,14,14,3,14,1.0,1.0,0,14,0,full-capture
UK,yi-camera,majority,888,888,12,454,0.5112612612612613,1.007882882882883,0,888,0,full-capture
UK,allure-speaker,dib_without_portability_gate,0,0,0,0,0.0,0.0,0,0,0,full-capture
UK,appletv,dib_without_portability_gate,57,57,56,57,1.0,2.0,0,57,0,full-capture
UK,blink-camera,dib_without_portability_gate,0,0,0,0,0.0,0.0,0,0,0,full-capture
UK,blink-security-hub,dib_without_portability_gate,7,7,6,7,1.0,2.0,0,7,0,full-capture
UK,bosiwo-camera-wifi,dib_without_portability_gate,0,0,0,0,0.0,0.0,0,0,0,full-capture
UK,bosiwo-camera-wired,dib_without_portability_gate,0,0,0,0,0.0,0.0,0,0,0,full-capture
UK,charger-camera,dib_without_portability_gate,0,0,0,0,0.0,0.0,0,0,0,full-capture
UK,echodot,dib_without_portability_gate,36,36,28,36,1.0,2.0,0,36,0,full-capture
UK,echoplus,dib_without_portability_gate,64,64,33,64,1.0,2.0,0,64,0,full-capture
UK,echospot,dib_without_portability_gate,93,93,51,93,1.0,2.0,0,93,0,full-capture
UK,firetv,dib_without_portability_gate,87,87,80,87,1.0,2.0,0,87,0,full-capture
UK,google-home,dib_without_portability_gate,0,0,0,0,0.0,0.0,0,0,0,full-capture
UK,google-home-mini,dib_without_portability_gate,60,60,30,60,1.0,2.0,0,60,0,full-capture
UK,honeywell-thermostat,dib_without_portability_gate,0,0,0,0,0.0,0.0,0,0,0,full-capture
UK,insteon-hub,dib_without_portability_gate,1,1,1,1,1.0,2.0,0,1,0,full-capture
UK,lightify-hub,dib_without_portability_gate,1,1,0,1,1.0,2.0,0,1,0,full-capture
UK,magichome-strip,dib_without_portability_gate,0,0,0,0,0.0,0.0,0,0,0,full-capture
UK,nest-tstat,dib_without_portability_gate,13,13,10,13,1.0,2.0,0,13,0,full-capture
UK,netatmo-weather,dib_without_portability_gate,0,0,0,0,0.0,0.0,0,0,0,full-capture
UK,philips-hue,dib_without_portability_gate,13,13,6,13,1.0,2.0,0,13,0,full-capture
UK,ring-doorbell,dib_without_portability_gate,7,7,5,7,1.0,2.0,0,7,0,full-capture
UK,roku-tv,dib_without_portability_gate,60,60,56,60,1.0,2.0,0,60,0,full-capture
UK,samsungtv-wired,dib_without_portability_gate,40,40,36,40,1.0,2.0,0,40,0,full-capture
UK,sengled-hub,dib_without_portability_gate,0,0,0,0,0.0,0.0,0,0,0,full-capture
UK,smarter-coffee-mach,dib_without_portability_gate,0,0,0,0,0.0,0.0,0,0,0,full-capture
UK,smartthings,dib_without_portability_gate,5,5,4,5,1.0,2.0,0,5,0,full-capture
UK,sousvide,dib_without_portability_gate,1,1,0,1,1.0,2.0,0,1,0,full-capture
UK,t-wemo-plug,dib_without_portability_gate,37,37,6,37,1.0,2.0,0,37,0,full-capture
UK,tp-link-plug,dib_without_portability_gate,25,25,21,25,1.0,2.0,0,25,0,full-capture
UK,tplink-bulb,dib_without_portability_gate,37,37,8,37,1.0,2.0,0,37,0,full-capture
UK,tplink-plug2,dib_without_portability_gate,0,0,0,0,0.0,0.0,0,0,0,full-capture
UK,wansview-cam-wired,dib_without_portability_gate,13,13,11,13,1.0,2.0,0,13,0,full-capture
UK,xiaomi-cam2,dib_without_portability_gate,0,0,0,0,0.0,0.0,0,0,0,full-capture
UK,xiaomi-cleaner,dib_without_portability_gate,1,1,0,1,1.0,2.0,0,1,0,full-capture
UK,xiaomi-hub,dib_without_portability_gate,36,36,4,36,1.0,2.0,0,36,0,full-capture
UK,xiaomi-plug,dib_without_portability_gate,0,0,0,0,0.0,0.0,0,0,0,full-capture
UK,yi-camera,dib_without_portability_gate,3,3,0,3,1.0,2.0,0,3,0,full-capture
