receiver,stage,candidates,confirmed,reference,micro_precision,micro_recall,reviews_per_confirmed
US,union,1005,184,666,0.183085,0.276276,5.462
US,quorum,42,41,666,0.97619,0.061562,1.0244
US,quorum_score,40,39,666,0.975,0.058559,1.0256
US,DIB,36,35,666,0.972222,0.052553,1.0286
UK,union,767,178,898,0.232073,0.198218,4.309
UK,quorum,48,41,898,0.854167,0.045657,1.1707
UK,quorum_score,48,41,898,0.854167,0.045657,1.1707
UK,DIB,43,37,898,0.860465,0.041203,1.1622
YT,union,1387,49,149,0.035328,0.328859,28.3061
YT,quorum,177,41,149,0.231638,0.275168,4.3171
YT,quorum_score,146,41,149,0.280822,0.275168,3.561
YT,DIB,107,37,149,0.345794,0.248322,2.8919
