device_type,peer_form,k,spread_days,sites_with_device,endpoint_class,class_eligible,score,theta,site_confidence,temporal_confidence,supporting_sites,min_reporting_sites,accepted,blocked_by
BelkinWemoMotionSensor,ip_literal,1,1,10,other,False,0.063936,0.65,0.100531,0.009043,1,2,False,eligibility-filter+quorum+score
BelkinWemoMotionSensor,ip_literal,1,30,10,other,False,0.139636,0.65,0.100531,0.198294,1,2,False,eligibility-filter+quorum+score
BelkinWemoMotionSensor,ip_literal,1,120,10,other,False,0.234012,0.65,0.100531,0.434233,1,2,False,eligibility-filter+quorum+score
BelkinWemoMotionSensor,ip_literal,2,1,10,other,False,0.124039,0.65,0.200657,0.009111,2,2,False,eligibility-filter+score
BelkinWemoMotionSensor,ip_literal,2,30,10,other,False,0.200505,0.65,0.200657,0.200276,2,2,False,eligibility-filter+score
BelkinWemoMotionSensor,ip_literal,2,120,10,other,False,0.296936,0.65,0.200657,0.441353,2,2,False,eligibility-filter+score
BelkinWemoMotionSensor,ip_literal,3,1,10,other,False,0.184022,0.65,0.300584,0.00918,3,2,False,eligibility-filter+score
BelkinWemoMotionSensor,ip_literal,3,30,10,other,False,0.261235,0.65,0.300584,0.202211,3,2,False,eligibility-filter+score
BelkinWemoMotionSensor,ip_literal,3,120,10,other,False,0.359491,0.65,0.300584,0.447851,3,2,False,eligibility-filter+score
BelkinWemoMotionSensor,ip_literal,4,1,10,other,False,0.243147,0.65,0.399079,0.009248,4,2,False,eligibility-filter+score
BelkinWemoMotionSensor,ip_literal,4,30,10,other,False,0.321087,0.65,0.399079,0.204099,4,2,False,eligibility-filter+score
BelkinWemoMotionSensor,ip_literal,4,120,10,other,False,0.420969,0.65,0.399079,0.453805,4,2,False,eligibility-filter+score
BelkinWemoMotionSensor,ip_literal,5,1,10,other,False,0.303471,0.65,0.499575,0.009317,5,2,False,eligibility-filter+score
BelkinWemoMotionSensor,ip_literal,5,30,10,other,False,0.382121,0.65,0.499575,0.205942,5,2,False,eligibility-filter+score
BelkinWemoMotionSensor,ip_literal,5,120,10,other,False,0.483457,0.65,0.499575,0.459281,5,2,False,eligibility-filter+score
BelkinWemoMotionSensor,ip_literal,6,1,10,other,False,0.36268,0.65,0.59821,0.009385,6,2,False,eligibility-filter+score
BelkinWemoMotionSensor,ip_literal,6,30,10,other,False,0.442023,0.65,0.59821,0.207742,6,2,False,eligibility-filter+score
BelkinWemoMotionSensor,ip_literal,6,120,10,other,False,0.544659,0.65,0.59821,0.464333,6,2,False,eligibility-filter+score
BelkinWemoMotionSensor,ip_literal,7,1,10,other,False,0.422998,0.65,0.698694,0.009453,7,2,False,eligibility-filter+score
BelkinWemoMotionSensor,ip_literal,7,30,10,other,False,0.503017,0.65,0.698694,0.209501,7,2,False,eligibility-filter+score
BelkinWemoMotionSensor,ip_literal,7,120,10,other,False,0.60682,0.65,0.698694,0.469009,7,2,False,eligibility-filter+score
BelkinWemoMotionSensor,ip_literal,8,1,10,other,False,0.483242,0.65,0.799055,0.009521,8,2,False,eligibility-filter+score
BelkinWemoMotionSensor,ip_literal,8,30,10,other,False,0.563921,0.65,0.799055,0.211219,8,2,False,eligibility-filter+score
BelkinWemoMotionSensor,ip_literal,8,120,10,other,False,0.668773,0.65,0.799055,0.47335,8,2,False,eligibility-filter
BelkinWemoMotionSensor,ip_literal,9,1,10,other,False,0.543552,0.65,0.899528,0.009589,9,2,False,eligibility-filter+score
BelkinWemoMotionSensor,ip_literal,9,30,10,other,False,0.624876,0.65,0.899528,0.212899,9,2,False,eligibility-filter+score
BelkinWemoMotionSensor,ip_literal,9,120,10,other,False,0.730673,0.65,0.899528,0.47739,9,2,False,eligibility-filter
BelkinWemoMotionSensor,ip_literal,10,1,10,other,False,0.603863,0.65,1.0,0.009657,10,2,False,eligibility-filter+score
BelkinWemoMotionSensor,ip_literal,10,30,10,other,False,0.685816,0.65,1.0,0.214541,10,2,False,eligibility-filter
BelkinWemoMotionSensor,ip_literal,10,120,10,other,False,0.792464,0.65,1.0,0.48116,10,2,False,eligibility-filter
BelkinWemoMotionSensor,resolved_fqdn,1,1,10,vendor-cloud,True,0.063936,0.65,0.100531,0.009043,1,2,False,quorum+score
BelkinWemoMotionSensor,resolved_fqdn,1,30,10,vendor-cloud,True,0.139636,0.65,0.100531,0.198294,1,2,False,quorum+score
BelkinWemoMotionSensor,resolved_fqdn,1,120,10,vendor-cloud,True,0.234012,0.65,0.100531,0.434233,1,2,False,quorum+score
BelkinWemoMotionSensor,resolved_fqdn,2,1,10,vendor-cloud,True,0.124039,0.65,0.200657,0.009111,2,2,False,score
BelkinWemoMotionSensor,resolved_fqdn,2,30,10,vendor-cloud,True,0.200505,0.65,0.200657,0.200276,2,2,False,score
BelkinWemoMotionSensor,resolved_fqdn,2,120,10,vendor-cloud,True,0.296936,0.65,0.200657,0.441353,2,2,False,score
BelkinWemoMotionSensor,resolved_fqdn,3,1,10,vendor-cloud,True,0.184022,0.65,0.300584,0.00918,3,2,False,score
BelkinWemoMotionSensor,resolved_fqdn,3,30,10,vendor-cloud,True,0.261235,0.65,0.300584,0.202211,3,2,False,score
BelkinWemoMotionSensor,resolved_fqdn,3,120,10,vendor-cloud,True,0.359491,0.65,0.300584,0.447851,3,2,False,score
BelkinWemoMotionSensor,resolved_fqdn,4,1,10,vendor-cloud,True,0.243147,0.65,0.399079,0.009248,4,2,False,score
BelkinWemoMotionSensor,resolved_fqdn,4,30,10,vendor-cloud,True,0.321087,0.65,0.399079,0.204099,4,2,False,score
BelkinWemoMotionSensor,resolved_fqdn,4,120,10,vendor-cloud,True,0.420969,0.65,0.399079,0.453805,4,2,False,score
BelkinWemoMotionSensor,resolved_fqdn,5,1,10,vendor-cloud,True,0.303471,0.65,0.499575,0.009317,5,2,False,score
BelkinWemoMotionSensor,resolved_fqdn,5,30,10,vendor-cloud,True,0.382121,0.65,0.499575,0.205942,5,2,False,score
BelkinWemoMotionSensor,resolved_fqdn,5,120,10,vendor-cloud,True,0.483457,0.65,0.499575,0.459281,5,2,False,score
BelkinWemoMotionSensor,resolved_fqdn,6,1,10,vendor-cloud,True,0.36268,0.65,0.59821,0.009385,6,2,False,score
BelkinWemoMotionSensor,resolved_fqdn,6,30,10,vendor-cloud,True,0.442023,0.65,0.59821,0.207742,6,2,False,score
BelkinWemoMotionSensor,resolved_fqdn,6,120,10,vendor-cloud,True,0.544659,0.65,0.59821,0.464333,6,2,False,score
BelkinWemoMotionSensor,resolved_fqdn,7,1,10,vendor-cloud,True,0.422998,0.65,0.698694,0.009453,7,2,False,score
BelkinWemoMotionSensor,resolved_fqdn,7,30,10,vendor-cloud,True,0.503017,0.65,0.698694,0.209501,7,2,False,score
BelkinWemoMotionSensor,resolved_fqdn,7,120,10,vendor-cloud,True,0.60682,0.65,0.698694,0.469009,7,2,False,score
BelkinWemoMotionSensor,resolved_fqdn,8,1,10,vendor-cloud,True,0.483242,0.65,0.799055,0.009521,8,2,False,score
BelkinWemoMotionSensor,resolved_fqdn,8,30,10,vendor-cloud,True,0.563921,0.65,0.799055,0.211219,8,2,False,score
BelkinWemoMotionSensor,resolved_fqdn,8,120,10,vendor-cloud,True,0.668773,0.65,0.799055,0.47335,8,2,True,none (admitted)
BelkinWemoMotionSensor,resolved_fqdn,9,1,10,vendor-cloud,True,0.543552,0.65,0.899528,0.009589,9,2,False,score
BelkinWemoMotionSensor,resolved_fqdn,9,30,10,vendor-cloud,True,0.624876,0.65,0.899528,0.212899,9,2,False,score
BelkinWemoMotionSensor,resolved_fqdn,9,120,10,vendor-cloud,True,0.730673,0.65,0.899528,0.47739,9,2,True,none (admitted)
BelkinWemoMotionSensor,resolved_fqdn,10,1,10,vendor-cloud,True,0.603863,0.65,1.0,0.009657,10,2,False,score
BelkinWemoMotionSensor,resolved_fqdn,10,30,10,vendor-cloud,True,0.685816,0.65,1.0,0.214541,10,2,True,none (admitted)
BelkinWemoMotionSensor,resolved_fqdn,10,120,10,vendor-cloud,True,0.792464,0.65,1.0,0.48116,10,2,True,none (admitted)
BelkinWemoSwitch,ip_literal,1,1,10,other,False,0.062983,0.65,0.100531,0.006662,1,2,False,eligibility-filter+quorum+score
BelkinWemoSwitch,ip_literal,1,30,10,other,False,0.123229,0.65,0.100531,0.157276,1,2,False,eligibility-filter+quorum+score
BelkinWemoSwitch,ip_literal,1,120,10,other,False,0.21232,0.65,0.100531,0.380003,1,2,False,eligibility-filter+quorum+score
BelkinWemoSwitch,ip_literal,2,1,10,other,False,0.123082,0.65,0.200657,0.00672,2,2,False,eligibility-filter+score
BelkinWemoSwitch,ip_literal,2,30,10,other,False,0.183978,0.65,0.200657,0.15896,2,2,False,eligibility-filter+score
BelkinWemoSwitch,ip_literal,2,120,10,other,False,0.274855,0.65,0.200657,0.386151,2,2,False,eligibility-filter+score
BelkinWemoSwitch,ip_literal,3,1,10,other,False,0.183061,0.65,0.300584,0.006777,3,2,False,eligibility-filter+score
BelkinWemoSwitch,ip_literal,3,30,10,other,False,0.244594,0.65,0.300584,0.16061,3,2,False,eligibility-filter+score
BelkinWemoSwitch,ip_literal,3,120,10,other,False,0.337084,0.65,0.300584,0.391835,3,2,False,eligibility-filter+score
BelkinWemoSwitch,ip_literal,4,1,10,other,False,0.242181,0.65,0.399079,0.006835,4,2,False,eligibility-filter+score
BelkinWemoSwitch,ip_literal,4,30,10,other,False,0.304337,0.65,0.399079,0.162226,4,2,False,eligibility-filter+score
BelkinWemoSwitch,ip_literal,4,120,10,other,False,0.39829,0.65,0.399079,0.397106,4,2,False,eligibility-filter+score
BelkinWemoSwitch,ip_literal,5,1,10,other,False,0.302502,0.65,0.499575,0.006893,5,2,False,eligibility-filter+score
BelkinWemoSwitch,ip_literal,5,30,10,other,False,0.365268,0.65,0.499575,0.163809,5,2,False,eligibility-filter+score
BelkinWemoSwitch,ip_literal,5,120,10,other,False,0.460548,0.65,0.499575,0.402008,5,2,False,eligibility-filter+score
BelkinWemoSwitch,ip_literal,6,1,10,other,False,0.361706,0.65,0.59821,0.006951,6,2,False,eligibility-filter+score
BelkinWemoSwitch,ip_literal,6,30,10,other,False,0.42507,0.65,0.59821,0.165361,6,2,False,eligibility-filter+score
BelkinWemoSwitch,ip_literal,6,120,10,other,False,0.521557,0.65,0.59821,0.406578,6,2,False,eligibility-filter+score
BelkinWemoSwitch,ip_literal,7,1,10,other,False,0.42202,0.65,0.698694,0.007008,7,2,False,eligibility-filter+score
BelkinWemoSwitch,ip_literal,7,30,10,other,False,0.485969,0.65,0.698694,0.166882,7,2,False,eligibility-filter+score
BelkinWemoSwitch,ip_literal,7,120,10,other,False,0.583556,0.65,0.698694,0.410848,7,2,False,eligibility-filter+score
BelkinWemoSwitch,ip_literal,8,1,10,other,False,0.48226,0.65,0.799055,0.007066,8,2,False,eligibility-filter+score
BelkinWemoSwitch,ip_literal,8,30,10,other,False,0.546782,0.65,0.799055,0.168373,8,2,False,eligibility-filter+score
BelkinWemoSwitch,ip_literal,8,120,10,other,False,0.645372,0.65,0.799055,0.414848,8,2,False,eligibility-filter+score
BelkinWemoSwitch,ip_literal,9,1,10,other,False,0.542566,0.65,0.899528,0.007124,9,2,False,eligibility-filter+score
BelkinWemoSwitch,ip_literal,9,30,10,other,False,0.607651,0.65,0.899528,0.169835,9,2,False,eligibility-filter+score
BelkinWemoSwitch,ip_literal,9,120,10,other,False,0.707157,0.65,0.899528,0.418602,9,2,False,eligibility-filter
BelkinWemoSwitch,ip_literal,10,1,10,other,False,0.602872,0.65,1.0,0.007181,10,2,False,eligibility-filter+score
BelkinWemoSwitch,ip_literal,10,30,10,other,False,0.668508,0.65,1.0,0.17127,10,2,False,eligibility-filter
BelkinWemoSwitch,ip_literal,10,120,10,other,False,0.768853,0.65,1.0,0.422131,10,2,False,eligibility-filter
BelkinWemoSwitch,resolved_fqdn,1,1,10,vendor-cloud,True,0.062983,0.65,0.100531,0.006662,1,2,False,quorum+score
BelkinWemoSwitch,resolved_fqdn,1,30,10,vendor-cloud,True,0.123229,0.65,0.100531,0.157276,1,2,False,quorum+score
BelkinWemoSwitch,resolved_fqdn,1,120,10,vendor-cloud,True,0.21232,0.65,0.100531,0.380003,1,2,False,quorum+score
BelkinWemoSwitch,resolved_fqdn,2,1,10,vendor-cloud,True,0.123082,0.65,0.200657,0.00672,2,2,False,score
BelkinWemoSwitch,resolved_fqdn,2,30,10,vendor-cloud,True,0.183978,0.65,0.200657,0.15896,2,2,False,score
BelkinWemoSwitch,resolved_fqdn,2,120,10,vendor-cloud,True,0.274855,0.65,0.200657,0.386151,2,2,False,score
BelkinWemoSwitch,resolved_fqdn,3,1,10,vendor-cloud,True,0.183061,0.65,0.300584,0.006777,3,2,False,score
BelkinWemoSwitch,resolved_fqdn,3,30,10,vendor-cloud,True,0.244594,0.65,0.300584,0.16061,3,2,False,score
BelkinWemoSwitch,resolved_fqdn,3,120,10,vendor-cloud,True,0.337084,0.65,0.300584,0.391835,3,2,False,score
BelkinWemoSwitch,resolved_fqdn,4,1,10,vendor-cloud,True,0.242181,0.65,0.399079,0.006835,4,2,False,score
BelkinWemoSwitch,resolved_fqdn,4,30,10,vendor-cloud,True,0.304337,0.65,0.399079,0.162226,4,2,False,score
BelkinWemoSwitch,resolved_fqdn,4,120,10,vendor-cloud,True,0.39829,0.65,0.399079,0.397106,4,2,False,score
BelkinWemoSwitch,resolved_fqdn,5,1,10,vendor-cloud,True,0.302502,0.65,0.499575,0.006893,5,2,False,score
BelkinWemoSwitch,resolved_fqdn,5,30,10,vendor-cloud,True,0.365268,0.65,0.499575,0.163809,5,2,False,score
BelkinWemoSwitch,resolved_fqdn,5,120,10,vendor-cloud,True,0.460548,0.65,0.499575,0.402008,5,2,False,score
BelkinWemoSwitch,resolved_fqdn,6,1,10,vendor-cloud,True,0.361706,0.65,0.59821,0.006951,6,2,False,score
BelkinWemoSwitch,resolved_fqdn,6,30,10,vendor-cloud,True,0.42507,0.65,0.59821,0.165361,6,2,False,score
BelkinWemoSwitch,resolved_fqdn,6,120,10,vendor-cloud,True,0.521557,0.65,0.59821,0.406578,6,2,False,score
BelkinWemoSwitch,resolved_fqdn,7,1,10,vendor-cloud,True,0.42202,0.65,0.698694,0.007008,7,2,False,score
BelkinWemoSwitch,resolved_fqdn,7,30,10,vendor-cloud,True,0.485969,0.65,0.698694,0.166882,7,2,False,score
BelkinWemoSwitch,resolved_fqdn,7,120,10,vendor-cloud,True,0.583556,0.65,0.698694,0.410848,7,2,False,score
BelkinWemoSwitch,resolved_fqdn,8,1,10,vendor-cloud,True,0.48226,0.65,0.799055,0.007066,8,2,False,score
BelkinWemoSwitch,resolved_fqdn,8,30,10,vendor-cloud,True,0.546782,0.65,0.799055,0.168373,8,2,False,score
BelkinWemoSwitch,resolved_fqdn,8,120,10,vendor-cloud,True,0.645372,0.65,0.799055,0.414848,8,2,False,score
BelkinWemoSwitch,resolved_fqdn,9,1,10,vendor-cloud,True,0.542566,0.65,0.899528,0.007124,9,2,False,score
BelkinWemoSwitch,resolved_fqdn,9,30,10,vendor-cloud,True,0.607651,0.65,0.899528,0.169835,9,2,False,score
BelkinWemoSwitch,resolved_fqdn,9,120,10,vendor-cloud,True,0.707157,0.65,0.899528,0.418602,9,2,True,none (admitted)
BelkinWemoSwitch,resolved_fqdn,10,1,10,vendor-cloud,True,0.602872,0.65,1.0,0.007181,10,2,False,score
BelkinWemoSwitch,resolved_fqdn,10,30,10,vendor-cloud,True,0.668508,0.65,1.0,0.17127,10,2,True,none (admitted)
BelkinWemoSwitch,resolved_fqdn,10,120,10,vendor-cloud,True,0.768853,0.65,1.0,0.422131,10,2,True,none (admitted)
NetatmoWelcome,ip_literal,1,1,10,other,False,0.062697,0.65,0.100531,0.005947,1,2,False,eligibility-filter+quorum+score
NetatmoWelcome,ip_literal,1,30,10,other,False,0.116865,0.65,0.100531,0.141365,1,2,False,eligibility-filter+quorum+score
NetatmoWelcome,ip_literal,1,120,10,other,False,0.201561,0.65,0.100531,0.353105,1,2,False,eligibility-filter+quorum+score
NetatmoWelcome,ip_literal,2,1,10,other,False,0.122962,0.65,0.200962,0.005961,2,2,False,eligibility-filter+score
NetatmoWelcome,ip_literal,2,30,10,other,False,0.177289,0.65,0.200962,0.141779,2,2,False,eligibility-filter+score
NetatmoWelcome,ip_literal,2,120,10,other,False,0.262417,0.65,0.200962,0.354599,2,2,False,eligibility-filter+score
NetatmoWelcome,ip_literal,3,1,10,other,False,0.183134,0.65,0.30124,0.005975,3,2,False,eligibility-filter+score
NetatmoWelcome,ip_literal,3,30,10,other,False,0.237618,0.65,0.30124,0.142184,3,2,False,eligibility-filter+score
NetatmoWelcome,ip_literal,3,120,10,other,False,0.323131,0.65,0.30124,0.355967,3,2,False,eligibility-filter+score
NetatmoWelcome,ip_literal,4,1,10,other,False,0.242687,0.65,0.400486,0.005989,4,2,False,eligibility-filter+score
NetatmoWelcome,ip_literal,4,30,10,other,False,0.297324,0.65,0.400486,0.14258,4,2,False,eligibility-filter+score
NetatmoWelcome,ip_literal,4,120,10,other,False,0.383181,0.65,0.400486,0.357223,4,2,False,eligibility-filter+score
NetatmoWelcome,ip_literal,5,1,10,other,False,0.302849,0.65,0.500746,0.006004,5,2,False,eligibility-filter+score
NetatmoWelcome,ip_literal,5,30,10,other,False,0.357634,0.65,0.500746,0.142967,5,2,False,eligibility-filter+score
NetatmoWelcome,ip_literal,5,120,10,other,False,0.4438,0.65,0.500746,0.358381,5,2,False,eligibility-filter+score
NetatmoWelcome,ip_literal,6,1,10,other,False,0.362235,0.65,0.599714,0.006018,6,2,False,eligibility-filter+score
NetatmoWelcome,ip_literal,6,30,10,other,False,0.417166,0.65,0.599714,0.143344,6,2,False,eligibility-filter+score
NetatmoWelcome,ip_literal,6,120,10,other,False,0.503608,0.65,0.599714,0.359451,6,2,False,eligibility-filter+score
NetatmoWelcome,ip_literal,7,1,10,other,False,0.422306,0.65,0.699822,0.006032,7,2,False,eligibility-filter+score
NetatmoWelcome,ip_literal,7,30,10,other,False,0.477378,0.65,0.699822,0.143714,7,2,False,eligibility-filter+score
NetatmoWelcome,ip_literal,7,120,10,other,False,0.56407,0.65,0.699822,0.360443,7,2,False,eligibility-filter+score
NetatmoWelcome,ip_literal,8,1,10,other,False,0.482306,0.65,0.799813,0.006047,8,2,False,eligibility-filter+score
NetatmoWelcome,ip_literal,8,30,10,other,False,0.537518,0.65,0.799813,0.144075,8,2,False,eligibility-filter+score
NetatmoWelcome,ip_literal,8,120,10,other,False,0.624434,0.65,0.799813,0.361366,8,2,False,eligibility-filter+score
NetatmoWelcome,ip_literal,9,1,10,other,False,0.542368,0.65,0.899906,0.006061,9,2,False,eligibility-filter+score
NetatmoWelcome,ip_literal,9,30,10,other,False,0.597715,0.65,0.899906,0.144428,9,2,False,eligibility-filter+score
NetatmoWelcome,ip_literal,9,120,10,other,False,0.684834,0.65,0.899906,0.362226,9,2,False,eligibility-filter
NetatmoWelcome,ip_literal,10,1,10,other,False,0.60243,0.65,1.0,0.006075,10,2,False,eligibility-filter+score
NetatmoWelcome,ip_literal,10,30,10,other,False,0.657909,0.65,1.0,0.144773,10,2,False,eligibility-filter
NetatmoWelcome,ip_literal,10,120,10,other,False,0.745212,0.65,1.0,0.36303,10,2,False,eligibility-filter
NetatmoWelcome,resolved_fqdn,1,1,10,vendor-cloud,True,0.062697,0.65,0.100531,0.005947,1,2,False,quorum+score
NetatmoWelcome,resolved_fqdn,1,30,10,vendor-cloud,True,0.116865,0.65,0.100531,0.141365,1,2,False,quorum+score
NetatmoWelcome,resolved_fqdn,1,120,10,vendor-cloud,True,0.201561,0.65,0.100531,0.353105,1,2,False,quorum+score
NetatmoWelcome,resolved_fqdn,2,1,10,vendor-cloud,True,0.122962,0.65,0.200962,0.005961,2,2,False,score
NetatmoWelcome,resolved_fqdn,2,30,10,vendor-cloud,True,0.177289,0.65,0.200962,0.141779,2,2,False,score
NetatmoWelcome,resolved_fqdn,2,120,10,vendor-cloud,True,0.262417,0.65,0.200962,0.354599,2,2,False,score
NetatmoWelcome,resolved_fqdn,3,1,10,vendor-cloud,True,0.183134,0.65,0.30124,0.005975,3,2,False,score
NetatmoWelcome,resolved_fqdn,3,30,10,vendor-cloud,True,0.237618,0.65,0.30124,0.142184,3,2,False,score
NetatmoWelcome,resolved_fqdn,3,120,10,vendor-cloud,True,0.323131,0.65,0.30124,0.355967,3,2,False,score
NetatmoWelcome,resolved_fqdn,4,1,10,vendor-cloud,True,0.242687,0.65,0.400486,0.005989,4,2,False,score
NetatmoWelcome,resolved_fqdn,4,30,10,vendor-cloud,True,0.297324,0.65,0.400486,0.14258,4,2,False,score
NetatmoWelcome,resolved_fqdn,4,120,10,vendor-cloud,True,0.383181,0.65,0.400486,0.357223,4,2,False,score
NetatmoWelcome,resolved_fqdn,5,1,10,vendor-cloud,True,0.302849,0.65,0.500746,0.006004,5,2,False,score
NetatmoWelcome,resolved_fqdn,5,30,10,vendor-cloud,True,0.357634,0.65,0.500746,0.142967,5,2,False,score
NetatmoWelcome,resolved_fqdn,5,120,10,vendor-cloud,True,0.4438,0.65,0.500746,0.358381,5,2,False,score
NetatmoWelcome,resolved_fqdn,6,1,10,vendor-cloud,True,0.362235,0.65,0.599714,0.006018,6,2,False,score
NetatmoWelcome,resolved_fqdn,6,30,10,vendor-cloud,True,0.417166,0.65,0.599714,0.143344,6,2,False,score
NetatmoWelcome,resolved_fqdn,6,120,10,vendor-cloud,True,0.503608,0.65,0.599714,0.359451,6,2,False,score
NetatmoWelcome,resolved_fqdn,7,1,10,vendor-cloud,True,0.422306,0.65,0.699822,0.006032,7,2,False,score
NetatmoWelcome,resolved_fqdn,7,30,10,vendor-cloud,True,0.477378,0.65,0.699822,0.143714,7,2,False,score
NetatmoWelcome,resolved_fqdn,7,120,10,vendor-cloud,True,0.56407,0.65,0.699822,0.360443,7,2,False,score
NetatmoWelcome,resolved_fqdn,8,1,10,vendor-cloud,True,0.482306,0.65,0.799813,0.006047,8,2,False,score
NetatmoWelcome,resolved_fqdn,8,30,10,vendor-cloud,True,0.537518,0.65,0.799813,0.144075,8,2,False,score
NetatmoWelcome,resolved_fqdn,8,120,10,vendor-cloud,True,0.624434,0.65,0.799813,0.361366,8,2,False,score
NetatmoWelcome,resolved_fqdn,9,1,10,vendor-cloud,True,0.542368,0.65,0.899906,0.006061,9,2,False,score
NetatmoWelcome,resolved_fqdn,9,30,10,vendor-cloud,True,0.597715,0.65,0.899906,0.144428,9,2,False,score
NetatmoWelcome,resolved_fqdn,9,120,10,vendor-cloud,True,0.684834,0.65,0.899906,0.362226,9,2,True,none (admitted)
NetatmoWelcome,resolved_fqdn,10,1,10,vendor-cloud,True,0.60243,0.65,1.0,0.006075,10,2,False,score
NetatmoWelcome,resolved_fqdn,10,30,10,vendor-cloud,True,0.657909,0.65,1.0,0.144773,10,2,True,none (admitted)
NetatmoWelcome,resolved_fqdn,10,120,10,vendor-cloud,True,0.745212,0.65,1.0,0.36303,10,2,True,none (admitted)
SamsungCamera,ip_literal,1,1,10,other,False,0.063535,0.65,0.100531,0.008041,1,2,False,eligibility-filter+quorum+score
SamsungCamera,ip_literal,1,30,10,other,False,0.133354,0.65,0.100531,0.182588,1,2,False,eligibility-filter+quorum+score
SamsungCamera,ip_literal,1,120,10,other,False,0.226845,0.65,0.100531,0.416316,1,2,False,eligibility-filter+quorum+score
SamsungCamera,ip_literal,2,1,10,other,False,0.123897,0.65,0.200962,0.008299,2,2,False,eligibility-filter+score
SamsungCamera,ip_literal,2,30,10,other,False,0.195135,0.65,0.200962,0.186393,2,2,False,eligibility-filter+score
SamsungCamera,ip_literal,2,120,10,other,False,0.288783,0.65,0.200962,0.420513,2,2,False,eligibility-filter+score
SamsungCamera,ip_literal,3,1,10,other,False,0.184165,0.65,0.30124,0.008552,3,2,False,eligibility-filter+score
SamsungCamera,ip_literal,3,30,10,other,False,0.25634,0.65,0.30124,0.188989,3,2,False,eligibility-filter+score
SamsungCamera,ip_literal,3,120,10,other,False,0.34975,0.65,0.30124,0.422514,3,2,False,eligibility-filter+score
SamsungCamera,ip_literal,4,1,10,other,False,0.243685,0.65,0.400275,0.0088,4,2,False,eligibility-filter+score
SamsungCamera,ip_literal,4,30,10,other,False,0.316514,0.65,0.400275,0.190872,4,2,False,eligibility-filter+score
SamsungCamera,ip_literal,4,120,10,other,False,0.40964,0.65,0.400275,0.423686,4,2,False,eligibility-filter+score
SamsungCamera,ip_literal,5,1,10,other,False,0.30396,0.65,0.500571,0.009043,5,2,False,eligibility-filter+score
SamsungCamera,ip_literal,5,30,10,other,False,0.377263,0.65,0.500571,0.192301,5,2,False,eligibility-filter+score
SamsungCamera,ip_literal,5,120,10,other,False,0.470125,0.65,0.500571,0.424455,5,2,False,eligibility-filter+score
SamsungCamera,ip_literal,6,1,10,other,False,0.363372,0.65,0.599433,0.009282,6,2,False,eligibility-filter+score
SamsungCamera,ip_literal,6,30,10,other,False,0.437029,0.65,0.599433,0.193423,6,2,False,eligibility-filter+score
SamsungCamera,ip_literal,6,120,10,other,False,0.529659,0.65,0.599433,0.424999,6,2,False,eligibility-filter+score
SamsungCamera,ip_literal,7,1,10,other,False,0.423573,0.65,0.699611,0.009516,7,2,False,eligibility-filter+score
SamsungCamera,ip_literal,7,30,10,other,False,0.497497,0.65,0.699611,0.194326,7,2,False,eligibility-filter+score
SamsungCamera,ip_literal,7,120,10,other,False,0.589928,0.65,0.699611,0.425403,7,2,False,eligibility-filter+score
SamsungCamera,ip_literal,8,1,10,other,False,0.483702,0.65,0.799672,0.009745,8,2,False,eligibility-filter+score
SamsungCamera,ip_literal,8,30,10,other,False,0.557831,0.65,0.799672,0.19507,8,2,False,eligibility-filter+score
SamsungCamera,ip_literal,8,120,10,other,False,0.65009,0.65,0.799672,0.425716,8,2,False,eligibility-filter
SamsungCamera,ip_literal,9,1,10,other,False,0.54389,0.65,0.899836,0.009971,9,2,False,eligibility-filter+score
SamsungCamera,ip_literal,9,30,10,other,False,0.618179,0.65,0.899836,0.195692,9,2,False,eligibility-filter+score
SamsungCamera,ip_literal,9,120,10,other,False,0.710288,0.65,0.899836,0.425965,9,2,False,eligibility-filter
SamsungCamera,ip_literal,10,1,10,other,False,0.604077,0.65,1.0,0.010192,10,2,False,eligibility-filter+score
SamsungCamera,ip_literal,10,30,10,other,False,0.678488,0.65,1.0,0.196221,10,2,False,eligibility-filter
SamsungCamera,ip_literal,10,120,10,other,False,0.770467,0.65,1.0,0.426168,10,2,False,eligibility-filter
SamsungCamera,resolved_fqdn,1,1,10,vendor-cloud,True,0.063535,0.65,0.100531,0.008041,1,2,False,quorum+score
SamsungCamera,resolved_fqdn,1,30,10,vendor-cloud,True,0.133354,0.65,0.100531,0.182588,1,2,False,quorum+score
SamsungCamera,resolved_fqdn,1,120,10,vendor-cloud,True,0.226845,0.65,0.100531,0.416316,1,2,False,quorum+score
SamsungCamera,resolved_fqdn,2,1,10,vendor-cloud,True,0.123897,0.65,0.200962,0.008299,2,2,False,score
SamsungCamera,resolved_fqdn,2,30,10,vendor-cloud,True,0.195135,0.65,0.200962,0.186393,2,2,False,score
SamsungCamera,resolved_fqdn,2,120,10,vendor-cloud,True,0.288783,0.65,0.200962,0.420513,2,2,False,score
SamsungCamera,resolved_fqdn,3,1,10,vendor-cloud,True,0.184165,0.65,0.30124,0.008552,3,2,False,score
SamsungCamera,resolved_fqdn,3,30,10,vendor-cloud,True,0.25634,0.65,0.30124,0.188989,3,2,False,score
SamsungCamera,resolved_fqdn,3,120,10,vendor-cloud,True,0.34975,0.65,0.30124,0.422514,3,2,False,score
SamsungCamera,resolved_fqdn,4,1,10,vendor-cloud,True,0.243685,0.65,0.400275,0.0088,4,2,False,score
SamsungCamera,resolved_fqdn,4,30,10,vendor-cloud,True,0.316514,0.65,0.400275,0.190872,4,2,False,score
SamsungCamera,resolved_fqdn,4,120,10,vendor-cloud,True,0.40964,0.65,0.400275,0.423686,4,2,False,score
SamsungCamera,resolved_fqdn,5,1,10,vendor-cloud,True,0.30396,0.65,0.500571,0.009043,5,2,False,score
SamsungCamera,resolved_fqdn,5,30,10,vendor-cloud,True,0.377263,0.65,0.500571,0.192301,5,2,False,score
SamsungCamera,resolved_fqdn,5,120,10,vendor-cloud,True,0.470125,0.65,0.500571,0.424455,5,2,False,score
SamsungCamera,resolved_fqdn,6,1,10,vendor-cloud,True,0.363372,0.65,0.599433,0.009282,6,2,False,score
SamsungCamera,resolved_fqdn,6,30,10,vendor-cloud,True,0.437029,0.65,0.599433,0.193423,6,2,False,score
SamsungCamera,resolved_fqdn,6,120,10,vendor-cloud,True,0.529659,0.65,0.599433,0.424999,6,2,False,score
SamsungCamera,resolved_fqdn,7,1,10,vendor-cloud,True,0.423573,0.65,0.699611,0.009516,7,2,False,score
SamsungCamera,resolved_fqdn,7,30,10,vendor-cloud,True,0.497497,0.65,0.699611,0.194326,7,2,False,score
SamsungCamera,resolved_fqdn,7,120,10,vendor-cloud,True,0.589928,0.65,0.699611,0.425403,7,2,False,score
SamsungCamera,resolved_fqdn,8,1,10,vendor-cloud,True,0.483702,0.65,0.799672,0.009745,8,2,False,score
SamsungCamera,resolved_fqdn,8,30,10,vendor-cloud,True,0.557831,0.65,0.799672,0.19507,8,2,False,score
SamsungCamera,resolved_fqdn,8,120,10,vendor-cloud,True,0.65009,0.65,0.799672,0.425716,8,2,True,none (admitted)
SamsungCamera,resolved_fqdn,9,1,10,vendor-cloud,True,0.54389,0.65,0.899836,0.009971,9,2,False,score
SamsungCamera,resolved_fqdn,9,30,10,vendor-cloud,True,0.618179,0.65,0.899836,0.195692,9,2,False,score
SamsungCamera,resolved_fqdn,9,120,10,vendor-cloud,True,0.710288,0.65,0.899836,0.425965,9,2,True,none (admitted)
SamsungCamera,resolved_fqdn,10,1,10,vendor-cloud,True,0.604077,0.65,1.0,0.010192,10,2,False,score
SamsungCamera,resolved_fqdn,10,30,10,vendor-cloud,True,0.678488,0.65,1.0,0.196221,10,2,True,none (admitted)
SamsungCamera,resolved_fqdn,10,120,10,vendor-cloud,True,0.770467,0.65,1.0,0.426168,10,2,True,none (admitted)
TPLinkSmartPlug,ip_literal,1,1,10,other,False,0.073752,0.65,0.100531,0.033583,1,2,False,eligibility-filter+quorum+score
TPLinkSmartPlug,ip_literal,1,30,10,other,False,0.230998,0.65,0.100531,0.426699,1,2,False,eligibility-filter+quorum+score
TPLinkSmartPlug,ip_literal,1,120,10,other,False,0.308415,0.65,0.100531,0.620242,1,2,False,eligibility-filter+quorum+score
TPLinkSmartPlug,ip_literal,2,1,10,other,False,0.134109,0.65,0.200962,0.03383,2,2,False,eligibility-filter+score
TPLinkSmartPlug,ip_literal,2,30,10,other,False,0.293414,0.65,0.200962,0.432093,2,2,False,eligibility-filter+score
TPLinkSmartPlug,ip_literal,2,120,10,other,False,0.372789,0.65,0.200962,0.630528,2,2,False,eligibility-filter+score
TPLinkSmartPlug,ip_literal,3,1,10,other,False,0.194313,0.65,0.301138,0.034075,3,2,False,eligibility-filter+score
TPLinkSmartPlug,ip_literal,3,30,10,other,False,0.355294,0.65,0.301138,0.436529,3,2,False,eligibility-filter+score
TPLinkSmartPlug,ip_literal,3,120,10,other,False,0.435384,0.65,0.301138,0.636753,3,2,False,eligibility-filter+score
TPLinkSmartPlug,ip_literal,4,1,10,other,False,0.253608,0.65,0.399801,0.034319,4,2,False,eligibility-filter+score
TPLinkSmartPlug,ip_literal,4,30,10,other,False,0.415977,0.65,0.399801,0.440242,4,2,False,eligibility-filter+score
TPLinkSmartPlug,ip_literal,4,120,10,other,False,0.496251,0.65,0.399801,0.640927,4,2,False,eligibility-filter+score
TPLinkSmartPlug,ip_literal,5,1,10,other,False,0.31393,0.65,0.500176,0.03456,5,2,False,eligibility-filter+score
TPLinkSmartPlug,ip_literal,5,30,10,other,False,0.477463,0.65,0.500176,0.443395,5,2,False,eligibility-filter+score
TPLinkSmartPlug,ip_literal,5,120,10,other,False,0.557673,0.65,0.500176,0.643919,5,2,False,eligibility-filter+score
TPLinkSmartPlug,ip_literal,6,1,10,other,False,0.373234,0.65,0.598858,0.0348,6,2,False,eligibility-filter+score
TPLinkSmartPlug,ip_literal,6,30,10,other,False,0.537757,0.65,0.598858,0.446106,6,2,False,eligibility-filter+score
TPLinkSmartPlug,ip_literal,6,120,10,other,False,0.617782,0.65,0.598858,0.646169,6,2,False,eligibility-filter+score
TPLinkSmartPlug,ip_literal,7,1,10,other,False,0.433523,0.65,0.69918,0.035037,7,2,False,eligibility-filter+score
TPLinkSmartPlug,ip_literal,7,30,10,other,False,0.598893,0.65,0.69918,0.448462,7,2,False,eligibility-filter+score
TPLinkSmartPlug,ip_literal,7,120,10,other,False,0.678677,0.65,0.69918,0.647922,7,2,False,eligibility-filter
TPLinkSmartPlug,ip_literal,8,1,10,other,False,0.49374,0.65,0.799385,0.035273,8,2,False,eligibility-filter+score
TPLinkSmartPlug,ip_literal,8,30,10,other,False,0.659842,0.65,0.799385,0.450528,8,2,False,eligibility-filter
TPLinkSmartPlug,ip_literal,8,120,10,other,False,0.739362,0.65,0.799385,0.649328,8,2,False,eligibility-filter
TPLinkSmartPlug,ip_literal,9,1,10,other,False,0.554018,0.65,0.899692,0.035507,9,2,False,eligibility-filter+score
TPLinkSmartPlug,ip_literal,9,30,10,other,False,0.720757,0.65,0.899692,0.452355,9,2,False,eligibility-filter
TPLinkSmartPlug,ip_literal,9,120,10,other,False,0.800007,0.65,0.899692,0.650479,9,2,False,eligibility-filter
TPLinkSmartPlug,ip_literal,10,1,10,other,False,0.614296,0.65,1.0,0.035739,10,2,False,eligibility-filter+score
TPLinkSmartPlug,ip_literal,10,30,10,other,False,0.781593,0.65,1.0,0.453981,10,2,False,eligibility-filter
TPLinkSmartPlug,ip_literal,10,120,10,other,False,0.860576,0.65,1.0,0.65144,10,2,False,eligibility-filter
TPLinkSmartPlug,resolved_fqdn,1,1,10,vendor-cloud,True,0.073752,0.65,0.100531,0.033583,1,2,False,quorum+score
TPLinkSmartPlug,resolved_fqdn,1,30,10,vendor-cloud,True,0.230998,0.65,0.100531,0.426699,1,2,False,quorum+score
TPLinkSmartPlug,resolved_fqdn,1,120,10,vendor-cloud,True,0.308415,0.65,0.100531,0.620242,1,2,False,quorum+score
TPLinkSmartPlug,resolved_fqdn,2,1,10,vendor-cloud,True,0.134109,0.65,0.200962,0.03383,2,2,False,score
TPLinkSmartPlug,resolved_fqdn,2,30,10,vendor-cloud,True,0.293414,0.65,0.200962,0.432093,2,2,False,score
TPLinkSmartPlug,resolved_fqdn,2,120,10,vendor-cloud,True,0.372789,0.65,0.200962,0.630528,2,2,False,score
TPLinkSmartPlug,resolved_fqdn,3,1,10,vendor-cloud,True,0.194313,0.65,0.301138,0.034075,3,2,False,score
TPLinkSmartPlug,resolved_fqdn,3,30,10,vendor-cloud,True,0.355294,0.65,0.301138,0.436529,3,2,False,score
TPLinkSmartPlug,resolved_fqdn,3,120,10,vendor-cloud,True,0.435384,0.65,0.301138,0.636753,3,2,False,score
TPLinkSmartPlug,resolved_fqdn,4,1,10,vendor-cloud,True,0.253608,0.65,0.399801,0.034319,4,2,False,score
TPLinkSmartPlug,resolved_fqdn,4,30,10,vendor-cloud,True,0.415977,0.65,0.399801,0.440242,4,2,False,score
TPLinkSmartPlug,resolved_fqdn,4,120,10,vendor-cloud,True,0.496251,0.65,0.399801,0.640927,4,2,False,score
TPLinkSmartPlug,resolved_fqdn,5,1,10,vendor-cloud,True,0.31393,0.65,0.500176,0.03456,5,2,False,score
TPLinkSmartPlug,resolved_fqdn,5,30,10,vendor-cloud,True,0.477463,0.65,0.500176,0.443395,5,2,False,score
TPLinkSmartPlug,resolved_fqdn,5,120,10,vendor-cloud,True,0.557673,0.65,0.500176,0.643919,5,2,False,score
TPLinkSmartPlug,resolved_fqdn,6,1,10,vendor-cloud,True,0.373234,0.65,0.598858,0.0348,6,2,False,score
TPLinkSmartPlug,resolved_fqdn,6,30,10,vendor-cloud,True,0.537757,0.65,0.598858,0.446106,6,2,False,score
TPLinkSmartPlug,resolved_fqdn,6,120,10,vendor-cloud,True,0.617782,0.65,0.598858,0.646169,6,2,False,score
TPLinkSmartPlug,resolved_fqdn,7,1,10,vendor-cloud,True,0.433523,0.65,0.69918,0.035037,7,2,False,score
TPLinkSmartPlug,resolved_fqdn,7,30,10,vendor-cloud,True,0.598893,0.65,0.69918,0.448462,7,2,False,score
TPLinkSmartPlug,resolved_fqdn,7,120,10,vendor-cloud,True,0.678677,0.65,0.69918,0.647922,7,2,True,none (admitted)
TPLinkSmartPlug,resolved_fqdn,8,1,10,vendor-cloud,True,0.49374,0.65,0.799385,0.035273,8,2,False,score
TPLinkSmartPlug,resolved_fqdn,8,30,10,vendor-cloud,True,0.659842,0.65,0.799385,0.450528,8,2,True,none (admitted)
TPLinkSmartPlug,resolved_fqdn,8,120,10,vendor-cloud,True,0.739362,0.65,0.799385,0.649328,8,2,True,none (admitted)
TPLinkSmartPlug,resolved_fqdn,9,1,10,vendor-cloud,True,0.554018,0.65,0.899692,0.035507,9,2,False,score
TPLinkSmartPlug,resolved_fqdn,9,30,10,vendor-cloud,True,0.720757,0.65,0.899692,0.452355,9,2,True,none (admitted)
TPLinkSmartPlug,resolved_fqdn,9,120,10,vendor-cloud,True,0.800007,0.65,0.899692,0.650479,9,2,True,none (admitted)
TPLinkSmartPlug,resolved_fqdn,10,1,10,vendor-cloud,True,0.614296,0.65,1.0,0.035739,10,2,False,score
TPLinkSmartPlug,resolved_fqdn,10,30,10,vendor-cloud,True,0.781593,0.65,1.0,0.453981,10,2,True,none (admitted)
TPLinkSmartPlug,resolved_fqdn,10,120,10,vendor-cloud,True,0.860576,0.65,1.0,0.65144,10,2,True,none (admitted)
